START_EPOCH=1789926252 (Sun Sep 20 17:44:12 GST 2026)
> Task :expo-gradle-plugin:expo-autolinking-plugin-shared:checkKotlinGradlePluginConfigurationErrors SKIPPED
> Task :gradle-plugin:settings-plugin:checkKotlinGradlePluginConfigurationErrors SKIPPED
> Task :gradle-plugin:shared:checkKotlinGradlePluginConfigurationErrors SKIPPED
> Task :gradle-plugin:shared:compileKotlin UP-TO-DATE
> Task :expo-gradle-plugin:expo-autolinking-plugin-shared:compileKotlin UP-TO-DATE
> Task :gradle-plugin:shared:compileJava NO-SOURCE
> Task :expo-gradle-plugin:expo-autolinking-plugin-shared:compileJava NO-SOURCE
> Task :gradle-plugin:shared:processResources NO-SOURCE
> Task :gradle-plugin:shared:classes UP-TO-DATE
> Task :expo-gradle-plugin:expo-autolinking-plugin-shared:processResources NO-SOURCE
> Task :expo-gradle-plugin:expo-autolinking-plugin-shared:classes UP-TO-DATE
> Task :gradle-plugin:shared:jar UP-TO-DATE
> Task :expo-gradle-plugin:expo-autolinking-plugin-shared:jar UP-TO-DATE
> Task :expo-gradle-plugin:expo-autolinking-settings-plugin:checkKotlinGradlePluginConfigurationErrors SKIPPED
> Task :gradle-plugin:settings-plugin:compileKotlin UP-TO-DATE
> Task :gradle-plugin:settings-plugin:compileJava NO-SOURCE
> Task :gradle-plugin:settings-plugin:pluginDescriptors UP-TO-DATE
> Task :gradle-plugin:settings-plugin:processResources UP-TO-DATE
> Task :gradle-plugin:settings-plugin:classes UP-TO-DATE
> Task :gradle-plugin:settings-plugin:jar UP-TO-DATE
> Task :expo-gradle-plugin:expo-autolinking-settings-plugin:compileKotlin UP-TO-DATE
> Task :expo-gradle-plugin:expo-autolinking-settings-plugin:compileJava NO-SOURCE
> Task :expo-gradle-plugin:expo-autolinking-settings-plugin:pluginDescriptors UP-TO-DATE
> Task :expo-gradle-plugin:expo-autolinking-settings-plugin:processResources UP-TO-DATE
> Task :expo-gradle-plugin:expo-autolinking-settings-plugin:classes UP-TO-DATE
> Task :expo-gradle-plugin:expo-autolinking-settings-plugin:jar UP-TO-DATE
> Task :expo-gradle-plugin:expo-autolinking-plugin:checkKotlinGradlePluginConfigurationErrors SKIPPED
> Task :gradle-plugin:react-native-gradle-plugin:checkKotlinGradlePluginConfigurationErrors SKIPPED
> Task :expo-dev-launcher-gradle-plugin:checkKotlinGradlePluginConfigurationErrors SKIPPED
> Task :expo-module-gradle-plugin:checkKotlinGradlePluginConfigurationErrors SKIPPED
> Task :expo-module-gradle-plugin:pluginDescriptors UP-TO-DATE
> Task :expo-dev-launcher-gradle-plugin:pluginDescriptors UP-TO-DATE
> Task :expo-module-gradle-plugin:processResources UP-TO-DATE
> Task :expo-dev-launcher-gradle-plugin:processResources UP-TO-DATE
> Task :gradle-plugin:react-native-gradle-plugin:compileKotlin UP-TO-DATE
> Task :expo-gradle-plugin:expo-autolinking-plugin:compileKotlin UP-TO-DATE
> Task :gradle-plugin:react-native-gradle-plugin:compileJava NO-SOURCE
> Task :expo-gradle-plugin:expo-autolinking-plugin:compileJava NO-SOURCE
> Task :gradle-plugin:react-native-gradle-plugin:pluginDescriptors UP-TO-DATE
> Task :expo-gradle-plugin:expo-autolinking-plugin:pluginDescriptors UP-TO-DATE
> Task :gradle-plugin:react-native-gradle-plugin:processResources UP-TO-DATE
> Task :gradle-plugin:react-native-gradle-plugin:classes UP-TO-DATE
> Task :expo-gradle-plugin:expo-autolinking-plugin:processResources UP-TO-DATE
> Task :expo-gradle-plugin:expo-autolinking-plugin:classes UP-TO-DATE
> Task :gradle-plugin:react-native-gradle-plugin:jar UP-TO-DATE
> Task :expo-gradle-plugin:expo-autolinking-plugin:jar UP-TO-DATE
> Task :expo-gradle-plugin:expo-max-sdk-override-plugin:checkKotlinGradlePluginConfigurationErrors SKIPPED
> Task :expo-module-gradle-plugin:compileKotlin UP-TO-DATE
> Task :expo-gradle-plugin:expo-max-sdk-override-plugin:compileKotlin UP-TO-DATE
> Task :expo-module-gradle-plugin:compileJava NO-SOURCE
> Task :expo-module-gradle-plugin:classes UP-TO-DATE
> Task :expo-gradle-plugin:expo-max-sdk-override-plugin:compileJava NO-SOURCE
> Task :expo-gradle-plugin:expo-max-sdk-override-plugin:pluginDescriptors UP-TO-DATE
> Task :expo-module-gradle-plugin:jar UP-TO-DATE
> Task :expo-gradle-plugin:expo-max-sdk-override-plugin:processResources UP-TO-DATE
> Task :expo-gradle-plugin:expo-max-sdk-override-plugin:classes UP-TO-DATE
> Task :expo-gradle-plugin:expo-max-sdk-override-plugin:jar UP-TO-DATE
> Task :expo-dev-launcher-gradle-plugin:compileKotlin UP-TO-DATE
> Task :expo-dev-launcher-gradle-plugin:compileJava NO-SOURCE
> Task :expo-dev-launcher-gradle-plugin:classes UP-TO-DATE
> Task :expo-dev-launcher-gradle-plugin:jar UP-TO-DATE

> Configure project :
[32m[ExpoRootProject][0m Using the following versions:
  - buildTools:  [32m36.0.0[0m
  - minSdk:      [32m24[0m
  - compileSdk:  [32m36[0m
  - targetSdk:   [32m36[0m
  - ndk:         [32m27.1.12297006[0m
  - kotlin:      [32m2.1.20[0m
  - ksp:         [32m2.1.20-2.0.1[0m

> Configure project :app
 ℹ️  [33mApplying gradle plugin[0m '[32mexpo-max-sdk-override-plugin[0m'
  [expo-max-sdk-override-plugin] This plugin will find all permissions declared with `android:maxSdkVersion`. If there exists a declaration with the `android:maxSdkVersion` annotation and another one without, the plugin will remove the annotation from the final merged manifest. In order to see a log with the changes run a clean build of the app.
 ℹ️  [33mApplying gradle plugin[0m '[32mexpo-dev-launcher-gradle-plugin[0m'

> Configure project :expo

Using expo modules
  - [32mexpo-log-box[0m (57.0.4)
  - [32mexpo-constants[0m (57.0.18)
  - [32mexpo-dev-client[0m (57.0.19)
  - [32mexpo-dev-launcher[0m (57.0.20)
  - [32mexpo-dev-menu[0m (57.0.18)
  - [32mexpo-dev-menu-interface[0m (57.0.0)
  - [32mexpo-json-utils[0m (57.0.2)
  - [32mexpo-manifests[0m (57.0.2)

> Configure project :expo-modules-core
Linking react-native-worklets native libs into expo-modules-core build tasks
task ':react-native-worklets:mergeDebugNativeLibs'
task ':react-native-worklets:mergeReleaseNativeLibs'

> Configure project :expo
  - [32mexpo-modules-core[0m (57.0.17)
  - [32mexpo-speech-recognition[0m (57.1.0)
  - [32mexpo-updates-interface[0m (57.0.2)
  - [33m[📦][0m [32mexpo-dom-webview[0m (57.0.1)
  - [33m[📦][0m [32mexpo-ui[0m (57.0.17)
  - [33m[📦][0m [32mexpo-application[0m (57.0.3)
  - [33m[📦][0m [32mexpo-asset[0m (57.0.16)
  - [33m[📦][0m [32mexpo-device[0m (57.0.2)
  - [33m[📦][0m [32mexpo-file-system[0m (57.0.6)
  - [33m[📦][0m [32mexpo-font[0m (57.0.3)
  - [33m[📦][0m [32mexpo-haptics[0m (57.0.3)
  - [33m[📦][0m [32mexpo-image[0m (57.0.4)
  - [33m[📦][0m [32mexpo-keep-awake[0m (57.0.1)
  - [33m[📦][0m [32mexpo-linking[0m (57.0.9)
  - [33m[📦][0m [32mexpo-notifications[0m (57.0.19)
  - [33m[📦][0m [32mexpo-router[0m (57.0.20)
  - [33m[📦][0m [32mexpo-splash-screen[0m (57.0.8)
  - [33m[📦][0m [32mexpo-status-bar[0m (57.0.1)
  - [33m[📦][0m [32mexpo-system-ui[0m (57.0.3)
  - [33m[📦][0m [32mexpo-web-browser[0m (57.0.2)


> Task :app:generateAutolinkingNewArchitectureFiles UP-TO-DATE
> Task :app:generateAutolinkingPackageList UP-TO-DATE
> Task :app:generateCodegenSchemaFromJavaScript SKIPPED
> Task :app:generateCodegenArtifactsFromSchema SKIPPED
> Task :app:generateReactNativeEntryPoint UP-TO-DATE
> Task :expo:generatePackagesList UP-TO-DATE
> Task :expo:preBuild UP-TO-DATE

> Task :expo-constants:createExpoConfig
The NODE_ENV environment variable is required but was not specified. Ensure the project is bundled with Expo CLI or NODE_ENV is set. Using only .env.local and .env
env: load .env
env: export EXPO_PUBLIC_API_URL EXPO_PUBLIC_SUPABASE_PUBLISHABLE_KEY EXPO_PUBLIC_SUPABASE_URL

> Task :expo-constants:preBuild
> Task :expo-dev-client:preBuild UP-TO-DATE
> Task :expo-dev-launcher:preBuild UP-TO-DATE
> Task :expo-dev-menu:preBuild UP-TO-DATE
> Task :expo-dev-menu-interface:preBuild UP-TO-DATE
> Task :expo-json-utils:preBuild UP-TO-DATE
> Task :expo-log-box:preBuild UP-TO-DATE
> Task :expo-manifests:preBuild UP-TO-DATE
> Task :expo-modules-core:preBuild UP-TO-DATE
> Task :expo-speech-recognition:preBuild UP-TO-DATE
> Task :expo-updates-interface:preBuild UP-TO-DATE
> Task :react-native-async-storage_async-storage:generateCodegenSchemaFromJavaScript UP-TO-DATE
> Task :react-native-async-storage_async-storage:generateCodegenArtifactsFromSchema UP-TO-DATE
> Task :react-native-async-storage_async-storage:preBuild UP-TO-DATE
> Task :react-native-gesture-handler:generateCodegenSchemaFromJavaScript UP-TO-DATE
> Task :react-native-gesture-handler:generateCodegenArtifactsFromSchema UP-TO-DATE
> Task :react-native-gesture-handler:preBuild UP-TO-DATE
> Task :react-native-masked-view_masked-view:preBuild UP-TO-DATE
> Task :react-native-reanimated:assertMinimalReactNativeVersionTask
> Task :react-native-reanimated:assertWorkletsVersionTask
> Task :react-native-reanimated:generateCodegenSchemaFromJavaScript UP-TO-DATE
> Task :react-native-reanimated:generateCodegenArtifactsFromSchema UP-TO-DATE
> Task :react-native-reanimated:prepareReanimatedHeadersForPrefabs UP-TO-DATE
> Task :react-native-reanimated:preBuild
> Task :react-native-safe-area-context:generateCodegenSchemaFromJavaScript UP-TO-DATE
> Task :react-native-safe-area-context:generateCodegenArtifactsFromSchema UP-TO-DATE
> Task :react-native-safe-area-context:preBuild UP-TO-DATE
> Task :react-native-screens:generateCodegenSchemaFromJavaScript UP-TO-DATE
> Task :react-native-screens:generateCodegenArtifactsFromSchema UP-TO-DATE
> Task :react-native-screens:preBuild UP-TO-DATE
> Task :react-native-worklets:assertMinimalReactNativeVersionTask
> Task :react-native-worklets:generateCodegenSchemaFromJavaScript UP-TO-DATE
> Task :react-native-worklets:generateCodegenArtifactsFromSchema UP-TO-DATE
> Task :react-native-worklets:prepareWorkletsHeadersForPrefabs UP-TO-DATE
> Task :react-native-worklets:preBuild
> Task :app:preBuild
> Task :app:preReleaseBuild
> Task :react-native-reanimated:preReleaseBuild
> Task :react-native-worklets:preReleaseBuild
> Task :react-native-worklets:configureCMakeRelWithDebInfo[arm64-v8a]
> Task :react-native-worklets:buildCMakeRelWithDebInfo[arm64-v8a][worklets]
> Task :react-native-worklets:configureCMakeRelWithDebInfo[armeabi-v7a]
> Task :react-native-worklets:buildCMakeRelWithDebInfo[armeabi-v7a][worklets]
> Task :react-native-worklets:configureCMakeRelWithDebInfo[x86]
> Task :react-native-worklets:buildCMakeRelWithDebInfo[x86][worklets]
> Task :react-native-worklets:configureCMakeRelWithDebInfo[x86_64]
> Task :react-native-worklets:buildCMakeRelWithDebInfo[x86_64][worklets]
> Task :react-native-worklets:externalNativeBuildRelease
> Task :react-native-worklets:generateJsonModelRelease
> Task :react-native-worklets:prefabReleaseConfigurePackage
> Task :react-native-reanimated:configureCMakeRelWithDebInfo[arm64-v8a]
> Task :react-native-reanimated:configureCMakeRelWithDebInfo[armeabi-v7a]
> Task :react-native-reanimated:configureCMakeRelWithDebInfo[x86]
> Task :react-native-reanimated:configureCMakeRelWithDebInfo[x86_64]
> Task :react-native-reanimated:generateJsonModelRelease
> Task :react-native-reanimated:prefabReleaseConfigurePackage
> Task :app:configureCMakeRelWithDebInfo[arm64-v8a]
> Task :react-native-worklets:prefabReleasePackage
> Task :react-native-reanimated:buildCMakeRelWithDebInfo[arm64-v8a][reanimated]
> Task :react-native-reanimated:buildCMakeRelWithDebInfo[armeabi-v7a][reanimated]
> Task :react-native-reanimated:buildCMakeRelWithDebInfo[x86][reanimated]
> Task :react-native-reanimated:buildCMakeRelWithDebInfo[x86_64][reanimated]
> Task :react-native-worklets:mergeReleaseJniLibFolders
> Task :react-native-worklets:mergeReleaseNativeLibs
> Task :app:configureCMakeRelWithDebInfo[armeabi-v7a]
> Task :react-native-worklets:copyReleaseJniLibsProjectOnly
> Task :app:configureCMakeRelWithDebInfo[x86]
> Task :react-native-reanimated:externalNativeBuildRelease
> Task :react-native-reanimated:prefabReleasePackage
> Task :app:buildCMakeRelWithDebInfo[arm64-v8a]
> Task :app:buildCMakeRelWithDebInfo[armeabi-v7a]
> Task :app:buildCMakeRelWithDebInfo[x86]
> Task :app:configureCMakeRelWithDebInfo[x86_64]
> Task :app:buildCMakeRelWithDebInfo[x86_64]
> Task :app:mergeReleaseJniLibFolders
> Task :expo:preReleaseBuild UP-TO-DATE
> Task :expo:mergeReleaseJniLibFolders
> Task :expo:mergeReleaseNativeLibs NO-SOURCE
> Task :expo-constants:preReleaseBuild
> Task :expo:copyReleaseJniLibsProjectOnly
> Task :expo-constants:mergeReleaseJniLibFolders
> Task :expo-constants:mergeReleaseNativeLibs NO-SOURCE
> Task :expo-dev-client:preReleaseBuild UP-TO-DATE
> Task :expo-constants:copyReleaseJniLibsProjectOnly
> Task :expo-dev-client:mergeReleaseJniLibFolders
> Task :expo-dev-client:mergeReleaseNativeLibs NO-SOURCE
> Task :expo-dev-launcher:preReleaseBuild UP-TO-DATE
> Task :expo-dev-client:copyReleaseJniLibsProjectOnly
> Task :expo-dev-launcher:mergeReleaseJniLibFolders
> Task :expo-dev-launcher:mergeReleaseNativeLibs NO-SOURCE
> Task :expo-dev-menu:preReleaseBuild UP-TO-DATE
> Task :expo-dev-launcher:copyReleaseJniLibsProjectOnly
> Task :expo-dev-menu:mergeReleaseJniLibFolders
> Task :expo-dev-menu:mergeReleaseNativeLibs NO-SOURCE
> Task :expo-dev-menu-interface:preReleaseBuild UP-TO-DATE
> Task :expo-dev-menu:copyReleaseJniLibsProjectOnly
> Task :expo-dev-menu-interface:mergeReleaseJniLibFolders
> Task :expo-dev-menu-interface:mergeReleaseNativeLibs NO-SOURCE
> Task :expo-json-utils:preReleaseBuild UP-TO-DATE
> Task :expo-dev-menu-interface:copyReleaseJniLibsProjectOnly
> Task :expo-json-utils:mergeReleaseJniLibFolders
> Task :expo-json-utils:mergeReleaseNativeLibs NO-SOURCE
> Task :expo-log-box:preReleaseBuild UP-TO-DATE
> Task :expo-json-utils:copyReleaseJniLibsProjectOnly
> Task :expo-log-box:mergeReleaseJniLibFolders
> Task :expo-log-box:mergeReleaseNativeLibs NO-SOURCE
> Task :expo-manifests:preReleaseBuild UP-TO-DATE
> Task :expo-log-box:copyReleaseJniLibsProjectOnly
> Task :expo-manifests:mergeReleaseJniLibFolders
> Task :expo-manifests:mergeReleaseNativeLibs NO-SOURCE
> Task :expo-modules-core:preReleaseBuild UP-TO-DATE
> Task :expo-manifests:copyReleaseJniLibsProjectOnly
> Task :expo-modules-core:configureCMakeRelWithDebInfo[arm64-v8a]
> Task :expo-modules-core:buildCMakeRelWithDebInfo[arm64-v8a]
C/C++: ninja: Entering directory `C:\Users\DONEX\kandoo\node_modules\expo-modules-core\android\.cxx\RelWithDebInfo\63d704hl\arm64-v8a'
C/C++: C:/Users/DONEX/kandoo/node_modules/expo-modules-core/android/src/main/cpp/fabric/ExpoComponentDescriptorFactory.cpp:17:5: warning: 'RawPropsParser' is deprecated [-Wdeprecated-declarations]
C/C++:    17 |     react::RawPropsParser(/*useRawPropsJsiValue=*/true)
C/C++:       |     ^
C/C++: C:/Users/DONEX/kandoo/node_modules/react-native/ReactCommon/react/renderer/core/RawPropsParser.h:31:5: note: 'RawPropsParser' has been explicitly marked deprecated here
C/C++:    31 |   [[deprecated]] explicit RawPropsParser(bool /* ignored */) : RawPropsParser() {}
C/C++:       |     ^
C/C++: 1 warning generated.

> Task :expo-modules-core:configureCMakeRelWithDebInfo[armeabi-v7a]
> Task :expo-modules-core:buildCMakeRelWithDebInfo[armeabi-v7a]
C/C++: ninja: Entering directory `C:\Users\DONEX\kandoo\node_modules\expo-modules-core\android\.cxx\RelWithDebInfo\63d704hl\armeabi-v7a'
C/C++: C:/Users/DONEX/kandoo/node_modules/expo-modules-core/android/src/main/cpp/fabric/ExpoComponentDescriptorFactory.cpp:17:5: warning: 'RawPropsParser' is deprecated [-Wdeprecated-declarations]
C/C++:    17 |     react::RawPropsParser(/*useRawPropsJsiValue=*/true)
C/C++:       |     ^
C/C++: C:/Users/DONEX/kandoo/node_modules/react-native/ReactCommon/react/renderer/core/RawPropsParser.h:31:5: note: 'RawPropsParser' has been explicitly marked deprecated here
C/C++:    31 |   [[deprecated]] explicit RawPropsParser(bool /* ignored */) : RawPropsParser() {}
C/C++:       |     ^
C/C++: 1 warning generated.

> Task :expo-modules-core:configureCMakeRelWithDebInfo[x86]
> Task :expo-modules-core:buildCMakeRelWithDebInfo[x86]
C/C++: ninja: Entering directory `C:\Users\DONEX\kandoo\node_modules\expo-modules-core\android\.cxx\RelWithDebInfo\63d704hl\x86'
C/C++: C:/Users/DONEX/kandoo/node_modules/expo-modules-core/android/src/main/cpp/fabric/ExpoComponentDescriptorFactory.cpp:17:5: warning: 'RawPropsParser' is deprecated [-Wdeprecated-declarations]
C/C++:    17 |     react::RawPropsParser(/*useRawPropsJsiValue=*/true)
C/C++:       |     ^
C/C++: C:/Users/DONEX/kandoo/node_modules/react-native/ReactCommon/react/renderer/core/RawPropsParser.h:31:5: note: 'RawPropsParser' has been explicitly marked deprecated here
C/C++:    31 |   [[deprecated]] explicit RawPropsParser(bool /* ignored */) : RawPropsParser() {}
C/C++:       |     ^
C/C++: 1 warning generated.

> Task :expo-modules-core:configureCMakeRelWithDebInfo[x86_64]
> Task :expo-modules-core:buildCMakeRelWithDebInfo[x86_64]
C/C++: ninja: Entering directory `C:\Users\DONEX\kandoo\node_modules\expo-modules-core\android\.cxx\RelWithDebInfo\63d704hl\x86_64'
C/C++: C:/Users/DONEX/kandoo/node_modules/expo-modules-core/android/src/main/cpp/fabric/ExpoComponentDescriptorFactory.cpp:17:5: warning: 'RawPropsParser' is deprecated [-Wdeprecated-declarations]
C/C++:    17 |     react::RawPropsParser(/*useRawPropsJsiValue=*/true)
C/C++:       |     ^
C/C++: C:/Users/DONEX/kandoo/node_modules/react-native/ReactCommon/react/renderer/core/RawPropsParser.h:31:5: note: 'RawPropsParser' has been explicitly marked deprecated here
C/C++:    31 |   [[deprecated]] explicit RawPropsParser(bool /* ignored */) : RawPropsParser() {}
C/C++:       |     ^
C/C++: 1 warning generated.

> Task :expo-modules-core:mergeReleaseJniLibFolders
> Task :expo-speech-recognition:preReleaseBuild UP-TO-DATE
> Task :expo-speech-recognition:mergeReleaseJniLibFolders
> Task :expo-speech-recognition:mergeReleaseNativeLibs NO-SOURCE
> Task :expo-updates-interface:preReleaseBuild UP-TO-DATE
> Task :expo-speech-recognition:copyReleaseJniLibsProjectOnly
> Task :expo-updates-interface:mergeReleaseJniLibFolders
> Task :expo-updates-interface:mergeReleaseNativeLibs NO-SOURCE
> Task :react-native-async-storage_async-storage:preReleaseBuild UP-TO-DATE
> Task :expo-updates-interface:copyReleaseJniLibsProjectOnly
> Task :react-native-async-storage_async-storage:mergeReleaseJniLibFolders
> Task :react-native-async-storage_async-storage:mergeReleaseNativeLibs NO-SOURCE
> Task :react-native-gesture-handler:preReleaseBuild UP-TO-DATE
> Task :react-native-async-storage_async-storage:copyReleaseJniLibsProjectOnly
> Task :expo-modules-core:mergeReleaseNativeLibs
> Task :react-native-gesture-handler:configureCMakeRelWithDebInfo[arm64-v8a]
> Task :expo-modules-core:copyReleaseJniLibsProjectOnly
> Task :react-native-gesture-handler:buildCMakeRelWithDebInfo[arm64-v8a]
> Task :react-native-gesture-handler:configureCMakeRelWithDebInfo[armeabi-v7a]
> Task :react-native-gesture-handler:buildCMakeRelWithDebInfo[armeabi-v7a]
> Task :react-native-gesture-handler:configureCMakeRelWithDebInfo[x86]
> Task :react-native-gesture-handler:buildCMakeRelWithDebInfo[x86]
> Task :react-native-gesture-handler:configureCMakeRelWithDebInfo[x86_64]
> Task :react-native-gesture-handler:buildCMakeRelWithDebInfo[x86_64]
> Task :react-native-gesture-handler:mergeReleaseJniLibFolders
> Task :react-native-masked-view_masked-view:preReleaseBuild UP-TO-DATE
> Task :react-native-masked-view_masked-view:mergeReleaseJniLibFolders
> Task :react-native-masked-view_masked-view:mergeReleaseNativeLibs NO-SOURCE
> Task :react-native-masked-view_masked-view:copyReleaseJniLibsProjectOnly
> Task :react-native-gesture-handler:mergeReleaseNativeLibs
> Task :react-native-reanimated:mergeReleaseJniLibFolders
> Task :react-native-gesture-handler:copyReleaseJniLibsProjectOnly
> Task :react-native-safe-area-context:preReleaseBuild UP-TO-DATE
> Task :react-native-safe-area-context:mergeReleaseJniLibFolders
> Task :react-native-safe-area-context:mergeReleaseNativeLibs NO-SOURCE
> Task :react-native-screens:preReleaseBuild UP-TO-DATE
> Task :react-native-safe-area-context:copyReleaseJniLibsProjectOnly
> Task :react-native-reanimated:mergeReleaseNativeLibs
> Task :react-native-screens:configureCMakeRelWithDebInfo[arm64-v8a]
> Task :react-native-reanimated:copyReleaseJniLibsProjectOnly
> Task :react-native-screens:buildCMakeRelWithDebInfo[arm64-v8a]
> Task :react-native-screens:configureCMakeRelWithDebInfo[armeabi-v7a]
> Task :react-native-screens:buildCMakeRelWithDebInfo[armeabi-v7a]
> Task :react-native-screens:configureCMakeRelWithDebInfo[x86]
> Task :react-native-screens:buildCMakeRelWithDebInfo[x86]
> Task :react-native-screens:configureCMakeRelWithDebInfo[x86_64]
> Task :react-native-screens:buildCMakeRelWithDebInfo[x86_64]
> Task :react-native-screens:mergeReleaseJniLibFolders
> Task :react-native-gesture-handler:checkKotlinGradlePluginConfigurationErrors SKIPPED
> Task :react-native-gesture-handler:generateReleaseBuildConfig
> Task :react-native-gesture-handler:generateReleaseResValues
> Task :react-native-screens:mergeReleaseNativeLibs
> Task :react-native-gesture-handler:generateReleaseResources
> Task :react-native-screens:copyReleaseJniLibsProjectOnly
> Task :react-native-gesture-handler:packageReleaseResources
> Task :react-native-reanimated:checkKotlinGradlePluginConfigurationErrors SKIPPED
> Task :react-native-reanimated:generateReleaseBuildConfig
> Task :react-native-reanimated:generateReleaseResValues
> Task :react-native-reanimated:generateReleaseResources
> Task :react-native-gesture-handler:parseReleaseLocalResources
> Task :react-native-reanimated:packageReleaseResources
> Task :react-native-worklets:checkKotlinGradlePluginConfigurationErrors SKIPPED
> Task :react-native-worklets:generateReleaseBuildConfig
> Task :react-native-reanimated:parseReleaseLocalResources
> Task :react-native-worklets:generateReleaseResValues
> Task :react-native-gesture-handler:generateReleaseRFile
> Task :react-native-worklets:generateReleaseResources
> Task :react-native-reanimated:generateReleaseRFile
> Task :react-native-worklets:packageReleaseResources
> Task :react-native-worklets:parseReleaseLocalResources
> Task :react-native-reanimated:javaPreCompileRelease
> Task :react-native-worklets:javaPreCompileRelease
> Task :react-native-safe-area-context:checkKotlinGradlePluginConfigurationErrors SKIPPED
> Task :react-native-gesture-handler:javaPreCompileRelease
> Task :react-native-worklets:generateReleaseRFile
> Task :react-native-safe-area-context:generateReleaseBuildConfig
> Task :react-native-safe-area-context:generateReleaseResValues
> Task :react-native-safe-area-context:generateReleaseResources
> Task :react-native-safe-area-context:packageReleaseResources
> Task :react-native-safe-area-context:parseReleaseLocalResources
> Task :react-native-safe-area-context:javaPreCompileRelease
> Task :react-native-screens:checkKotlinGradlePluginConfigurationErrors SKIPPED
> Task :react-native-safe-area-context:generateReleaseRFile
> Task :react-native-screens:generateReleaseBuildConfig
> Task :react-native-screens:generateReleaseResValues
> Task :react-native-screens:generateReleaseResources
> Task :react-native-screens:packageReleaseResources
> Task :expo:checkKotlinGradlePluginConfigurationErrors SKIPPED
> Task :expo:generateReleaseBuildConfig
> Task :react-native-screens:javaPreCompileRelease
> Task :expo:generateReleaseResValues
> Task :expo:generateReleaseResources
> Task :react-native-screens:parseReleaseLocalResources
> Task :expo:packageReleaseResources
> Task :expo-constants:checkKotlinGradlePluginConfigurationErrors SKIPPED
> Task :expo:parseReleaseLocalResources
> Task :react-native-screens:generateReleaseRFile
> Task :expo-constants:generateReleaseBuildConfig
> Task :expo-constants:generateReleaseResValues
> Task :expo:generateReleaseRFile
> Task :expo-constants:generateReleaseResources
> Task :expo-constants:packageReleaseResources
> Task :expo-modules-core:checkKotlinGradlePluginConfigurationErrors SKIPPED
> Task :expo-constants:parseReleaseLocalResources
> Task :expo-modules-core:generateReleaseBuildConfig
> Task :expo-modules-core:generateReleaseResValues
> Task :expo-constants:generateReleaseRFile
> Task :expo-modules-core:generateReleaseResources
> Task :expo-modules-core:packageReleaseResources
> Task :expo-modules-core:parseReleaseLocalResources
> Task :expo-modules-core:javaPreCompileRelease
> Task :expo-constants:javaPreCompileRelease
> Task :app:mergeReleaseNativeLibs
> Task :expo-modules-core:generateReleaseRFile
> Task :expo-dev-client:checkKotlinGradlePluginConfigurationErrors SKIPPED
> Task :expo-dev-client:generateReleaseResValues
> Task :expo-dev-client:generateReleaseResources
> Task :expo-dev-client:packageReleaseResources
> Task :expo-dev-client:generateReleaseBuildConfig
> Task :expo-dev-launcher:checkKotlinGradlePluginConfigurationErrors SKIPPED
> Task :react-native-worklets:compileReleaseKotlin

> Task :react-native-safe-area-context:compileReleaseKotlin
w: file:///C:/Users/DONEX/kandoo/node_modules/react-native-safe-area-context/android/src/main/java/com/th3rdwave/safeareacontext/SafeAreaProviderManager.kt:39:19 'fun getEventDispatcherForReactTag(context: ReactContext, reactTag: Int): EventDispatcher?' is deprecated. reactTag is no longer needed.
w: file:///C:/Users/DONEX/kandoo/node_modules/react-native-safe-area-context/android/src/main/java/com/th3rdwave/safeareacontext/SafeAreaView.kt:9:8 'class UIManagerModule : ReactContextBaseJavaModule, LifecycleEventListener, UIManager' is deprecated. Deprecated in Java.
w: file:///C:/Users/DONEX/kandoo/node_modules/react-native-safe-area-context/android/src/main/java/com/th3rdwave/safeareacontext/SafeAreaView.kt:50:54 'class UIManagerModule : ReactContextBaseJavaModule, LifecycleEventListener, UIManager' is deprecated. Deprecated in Java.
w: file:///C:/Users/DONEX/kandoo/node_modules/react-native-safe-area-context/android/src/main/java/com/th3rdwave/safeareacontext/SafeAreaView.kt:59:23 'val uiImplementation: UIImplementation!' is deprecated. Deprecated in Java.
w: file:///C:/Users/DONEX/kandoo/node_modules/react-native-safe-area-context/android/src/main/java/com/th3rdwave/safeareacontext/SafeAreaViewShadowNode.kt:9:32 'class LayoutShadowNode : ReactShadowNodeImpl' is deprecated. This class is part of Legacy Architecture and will be removed in a future release.
w: file:///C:/Users/DONEX/kandoo/node_modules/react-native-safe-area-context/android/src/main/java/com/th3rdwave/safeareacontext/SafeAreaViewShadowNode.kt:110:61 'class NativeViewHierarchyOptimizer : Any' is deprecated. This class is part of Legacy Architecture and will be removed in a future release.

> Task :react-native-screens:compileReleaseKotlin
> Task :expo-dev-client:dataBindingMergeDependencyArtifactsRelease
> Task :expo-dev-client:parseReleaseLocalResources
> Task :expo-dev-client:javaPreCompileRelease
> Task :app:stripReleaseDebugSymbols
> Task :expo-dev-launcher:dataBindingMergeDependencyArtifactsRelease
> Task :app:extractReleaseNativeSymbolTables
> Task :react-native-worklets:compileReleaseJavaWithJavac
> Task :react-native-worklets:bundleLibCompileToJarRelease
> Task :react-native-safe-area-context:compileReleaseJavaWithJavac
> Task :react-native-safe-area-context:bundleLibRuntimeToDirRelease

> Task :react-native-reanimated:compileReleaseKotlin
w: file:///C:/Users/DONEX/kandoo/node_modules/react-native-reanimated/android/src/main/java/com/swmansion/reanimated/NodesManager.kt:13:8 'class UIManagerModule : ReactContextBaseJavaModule, LifecycleEventListener, UIManager' is deprecated. Deprecated in Java.
w: file:///C:/Users/DONEX/kandoo/node_modules/react-native-reanimated/android/src/main/java/com/swmansion/reanimated/NodesManager.kt:58:95 'fun resolveCustomDirectEventName(eventName: String): String?' is deprecated.
w: file:///C:/Users/DONEX/kandoo/node_modules/react-native-reanimated/android/src/main/java/com/swmansion/reanimated/NodesManager.kt:234:29 'fun receiveEvent(surfaceId: Int, targetTag: Int, eventName: String, canCoalesceEvent: Boolean, customCoalesceKey: Int, params: WritableMap?, category: Int): Unit' is deprecated. Use the overload with eventTimestamp parameter instead.
w: file:///C:/Users/DONEX/kandoo/node_modules/react-native-reanimated/android/src/main/java/com/swmansion/reanimated/ReanimatedPackage.kt:5:8 'class ReactInstanceManager : Any' is deprecated. Deprecated in Java.
w: file:///C:/Users/DONEX/kandoo/node_modules/react-native-reanimated/android/src/main/java/com/swmansion/reanimated/ReanimatedPackage.kt:60:73 'class ReactInstanceManager : Any' is deprecated. Deprecated in Java.
w: file:///C:/Users/DONEX/kandoo/node_modules/react-native-reanimated/android/src/main/java/com/swmansion/reanimated/ReanimatedPackage.kt:61:63 'val reactNativeHost: ReactNativeHost' is deprecated. You should not use ReactNativeHost directly in the New Architecture. Use ReactHost instead.
w: file:///C:/Users/DONEX/kandoo/node_modules/react-native-reanimated/android/src/main/java/com/swmansion/reanimated/nativeProxy/EventHandler.kt:7:8 'class UIManagerModule : ReactContextBaseJavaModule, LifecycleEventListener, UIManager' is deprecated. Deprecated in Java.
w: file:///C:/Users/DONEX/kandoo/node_modules/react-native-reanimated/android/src/main/java/com/swmansion/reanimated/nativeProxy/EventHandler.kt:25:18 This declaration overrides a deprecated member but is not marked as deprecated itself. Add the '@Deprecated' annotation or suppress the diagnostic.
w: file:///C:/Users/DONEX/kandoo/node_modules/react-native-reanimated/android/src/main/java/com/swmansion/reanimated/nativeProxy/EventHandler.kt:38:18 This declaration overrides a deprecated member but is not marked as deprecated itself. Add the '@Deprecated' annotation or suppress the diagnostic.
w: file:///C:/Users/DONEX/kandoo/node_modules/react-native-reanimated/android/src/main/java/com/swmansion/reanimated/nativeProxy/EventHandler.kt:48:18 This declaration overrides a deprecated member but is not marked as deprecated itself. Add the '@Deprecated' annotation or suppress the diagnostic.
w: file:///C:/Users/DONEX/kandoo/node_modules/react-native-reanimated/android/src/main/java/com/swmansion/reanimated/nativeProxy/EventHandler.kt:57:18 This declaration overrides a deprecated member but is not marked as deprecated itself. Add the '@Deprecated' annotation or suppress the diagnostic.
w: file:///C:/Users/DONEX/kandoo/node_modules/react-native-reanimated/android/src/main/java/com/swmansion/reanimated/nativeProxy/NoopEventHandler.kt:8:18 This declaration overrides a deprecated member but is not marked as deprecated itself. Add the '@Deprecated' annotation or suppress the diagnostic.
w: file:///C:/Users/DONEX/kandoo/node_modules/react-native-reanimated/android/src/main/java/com/swmansion/reanimated/nativeProxy/NoopEventHandler.kt:20:18 This declaration overrides a deprecated member but is not marked as deprecated itself. Add the '@Deprecated' annotation or suppress the diagnostic.
w: file:///C:/Users/DONEX/kandoo/node_modules/react-native-reanimated/android/src/main/java/com/swmansion/reanimated/nativeProxy/NoopEventHandler.kt:29:18 This declaration overrides a deprecated member but is not marked as deprecated itself. Add the '@Deprecated' annotation or suppress the diagnostic.
w: file:///C:/Users/DONEX/kandoo/node_modules/react-native-reanimated/android/src/main/java/com/swmansion/reanimated/nativeProxy/NoopEventHandler.kt:37:18 This declaration overrides a deprecated member but is not marked as deprecated itself. Add the '@Deprecated' annotation or suppress the diagnostic.
w: file:///C:/Users/DONEX/kandoo/node_modules/react-native-reanimated/android/src/main/java/com/swmansion/reanimated/sensor/ReanimatedSensor.kt:28:26 'val defaultDisplay: Display!' is deprecated. Deprecated in Java.

> Task :app:mergeReleaseNativeDebugMetadata

> Task :react-native-screens:compileReleaseKotlin
w: file:///C:/Users/DONEX/kandoo/node_modules/react-native-screens/android/src/main/java/com/swmansion/rnscreens/RNScreensPackage.kt:70:9 The corresponding parameter in the supertype 'BaseReactPackage' is named 'name'. This may cause problems when calling this function with named arguments.
w: file:///C:/Users/DONEX/kandoo/node_modules/react-native-screens/android/src/main/java/com/swmansion/rnscreens/RNScreensPackage.kt:71:9 The corresponding parameter in the supertype 'BaseReactPackage' is named 'reactContext'. This may cause problems when calling this function with named arguments.
w: file:///C:/Users/DONEX/kandoo/node_modules/react-native-screens/android/src/main/java/com/swmansion/rnscreens/RNScreensPackage.kt:83:17 'constructor(name: String, className: String, canOverrideExistingModule: Boolean, needsEagerInit: Boolean, hasConstants: Boolean, isCxxModule: Boolean, isTurboModule: Boolean): ReactModuleInfo' is deprecated. This constructor is deprecated and will be removed in the future. Use ReactModuleInfo(String, String, boolean, boolean, boolean, boolean)].
w: file:///C:/Users/DONEX/kandoo/node_modules/react-native-screens/android/src/main/java/com/swmansion/rnscreens/Screen.kt:54:77 Unchecked cast of '(CoordinatorLayout.Behavior<View!>?..CoordinatorLayout.Behavior<*>?)' to 'BottomSheetBehavior<Screen>'.
w: file:///C:/Users/DONEX/kandoo/node_modules/react-native-screens/android/src/main/java/com/swmansion/rnscreens/Screen.kt:59:33 'fun getEventDispatcherForReactTag(context: ReactContext, reactTag: Int): EventDispatcher?' is deprecated. reactTag is no longer needed.
w: file:///C:/Users/DONEX/kandoo/node_modules/react-native-screens/android/src/main/java/com/swmansion/rnscreens/Screen.kt:516:14 'fun getEventDispatcherForReactTag(context: ReactContext, reactTag: Int): EventDispatcher?' is deprecated. reactTag is no longer needed.
w: file:///C:/Users/DONEX/kandoo/node_modules/react-native-screens/android/src/main/java/com/swmansion/rnscreens/ScreenContainer.kt:250:18 'fun getEventDispatcherForReactTag(context: ReactContext, reactTag: Int): EventDispatcher?' is deprecated. reactTag is no longer needed.
w: file:///C:/Users/DONEX/kandoo/node_modules/react-native-screens/android/src/main/java/com/swmansion/rnscreens/ScreenContainer.kt:260:18 'fun getEventDispatcherForReactTag(context: ReactContext, reactTag: Int): EventDispatcher?' is deprecated. reactTag is no longer needed.
w: file:///C:/Users/DONEX/kandoo/node_modules/react-native-screens/android/src/main/java/com/swmansion/rnscreens/ScreenFragment.kt:225:37 'fun getEventDispatcherForReactTag(context: ReactContext, reactTag: Int): EventDispatcher?' is deprecated. reactTag is no longer needed.
w: file:///C:/Users/DONEX/kandoo/node_modules/react-native-screens/android/src/main/java/com/swmansion/rnscreens/ScreenFragment.kt:242:14 'fun getEventDispatcherForReactTag(context: ReactContext, reactTag: Int): EventDispatcher?' is deprecated. reactTag is no longer needed.
w: file:///C:/Users/DONEX/kandoo/node_modules/react-native-screens/android/src/main/java/com/swmansion/rnscreens/ScreenFragment.kt:258:22 'fun getEventDispatcherForReactTag(context: ReactContext, reactTag: Int): EventDispatcher?' is deprecated. reactTag is no longer needed.
w: file:///C:/Users/DONEX/kandoo/node_modules/react-native-screens/android/src/main/java/com/swmansion/rnscreens/ScreenFragment.kt:327:22 'fun getEventDispatcherForReactTag(context: ReactContext, reactTag: Int): EventDispatcher?' is deprecated. reactTag is no longer needed.
w: file:///C:/Users/DONEX/kandoo/node_modules/react-native-screens/android/src/main/java/com/swmansion/rnscreens/ScreenModalFragment.kt:180:22 'fun getEventDispatcherForReactTag(context: ReactContext, reactTag: Int): EventDispatcher?' is deprecated. reactTag is no longer needed.
w: file:///C:/Users/DONEX/kandoo/node_modules/react-native-screens/android/src/main/java/com/swmansion/rnscreens/ScreenStack.kt:120:14 'fun getEventDispatcherForReactTag(context: ReactContext, reactTag: Int): EventDispatcher?' is deprecated. reactTag is no longer needed.
w: file:///C:/Users/DONEX/kandoo/node_modules/react-native-screens/android/src/main/java/com/swmansion/rnscreens/ScreenStackFragment.kt:173:18 'fun getEventDispatcherForReactTag(context: ReactContext, reactTag: Int): EventDispatcher?' is deprecated. reactTag is no longer needed.
w: file:///C:/Users/DONEX/kandoo/node_modules/react-native-screens/android/src/main/java/com/swmansion/rnscreens/ScreenStackFragment.kt:230:31 'var targetElevation: Float' is deprecated. Deprecated in Java.
w: file:///C:/Users/DONEX/kandoo/node_modules/react-native-screens/android/src/main/java/com/swmansion/rnscreens/ScreenStackFragment.kt:233:13 'fun setHasOptionsMenu(p0: Boolean): Unit' is deprecated. Deprecated in Java.
w: file:///C:/Users/DONEX/kandoo/node_modules/react-native-screens/android/src/main/java/com/swmansion/rnscreens/ScreenStackFragment.kt:443:18 This declaration overrides a deprecated member but is not marked as deprecated itself. Add the '@Deprecated' annotation or suppress the diagnostic.
w: file:///C:/Users/DONEX/kandoo/node_modules/react-native-screens/android/src/main/java/com/swmansion/rnscreens/ScreenStackFragment.kt:450:22 'fun onPrepareOptionsMenu(p0: Menu): Unit' is deprecated. Deprecated in Java.
w: file:///C:/Users/DONEX/kandoo/node_modules/react-native-screens/android/src/main/java/com/swmansion/rnscreens/ScreenStackFragment.kt:453:18 This declaration overrides a deprecated member but is not marked as deprecated itself. Add the '@Deprecated' annotation or suppress the diagnostic.
w: file:///C:/Users/DONEX/kandoo/node_modules/react-native-screens/android/src/main/java/com/swmansion/rnscreens/ScreenStackFragment.kt:458:22 'fun onCreateOptionsMenu(p0: Menu, p1: MenuInflater): Unit' is deprecated. Deprecated in Java.
w: file:///C:/Users/DONEX/kandoo/node_modules/react-native-screens/android/src/main/java/com/swmansion/rnscreens/ScreenStackHeaderConfig.kt:199:14 'fun getEventDispatcherForReactTag(context: ReactContext, reactTag: Int): EventDispatcher?' is deprecated. reactTag is no longer needed.
w: file:///C:/Users/DONEX/kandoo/node_modules/react-native-screens/android/src/main/java/com/swmansion/rnscreens/ScreenStackHeaderConfig.kt:209:14 'fun getEventDispatcherForReactTag(context: ReactContext, reactTag: Int): EventDispatcher?' is deprecated. reactTag is no longer needed.
w: file:///C:/Users/DONEX/kandoo/node_modules/react-native-screens/android/src/main/java/com/swmansion/rnscreens/ScreenWindowTraits.kt:48:42 'fun replaceSystemWindowInsets(p0: Int, p1: Int, p2: Int, p3: Int): @NonNull() WindowInsetsCompat' is deprecated. Deprecated in Java.
w: file:///C:/Users/DONEX/kandoo/node_modules/react-native-screens/android/src/main/java/com/swmansion/rnscreens/ScreenWindowTraits.kt:49:39 'val systemWindowInsetLeft: Int' is deprecated. Deprecated in Java.
w: file:///C:/Users/DONEX/kandoo/node_modules/react-native-screens/android/src/main/java/com/swmansion/rnscreens/ScreenWindowTraits.kt:51:39 'val systemWindowInsetRight: Int' is deprecated. Deprecated in Java.
w: file:///C:/Users/DONEX/kandoo/node_modules/react-native-screens/android/src/main/java/com/swmansion/rnscreens/ScreenWindowTraits.kt:52:39 'val systemWindowInsetBottom: Int' is deprecated. Deprecated in Java.
w: file:///C:/Users/DONEX/kandoo/node_modules/react-native-screens/android/src/main/java/com/swmansion/rnscreens/ScreensModule.kt:100:14 'fun getEventDispatcherForReactTag(context: ReactContext, reactTag: Int): EventDispatcher?' is deprecated. reactTag is no longer needed.
w: file:///C:/Users/DONEX/kandoo/node_modules/react-native-screens/android/src/main/java/com/swmansion/rnscreens/SearchBarView.kt:137:29 'fun getEventDispatcherForReactTag(context: ReactContext, reactTag: Int): EventDispatcher?' is deprecated. reactTag is no longer needed.
w: file:///C:/Users/DONEX/kandoo/node_modules/react-native-screens/android/src/main/java/com/swmansion/rnscreens/bottomsheet/BottomSheetDialogRootView.kt:7:8 'object ReactFeatureFlags : Any' is deprecated. Use com.facebook.react.internal.featureflags.ReactNativeFeatureFlags instead.
w: file:///C:/Users/DONEX/kandoo/node_modules/react-native-screens/android/src/main/java/com/swmansion/rnscreens/bottomsheet/BottomSheetDialogRootView.kt:25:13 'object ReactFeatureFlags : Any' is deprecated. Use com.facebook.react.internal.featureflags.ReactNativeFeatureFlags instead.
w: file:///C:/Users/DONEX/kandoo/node_modules/react-native-screens/android/src/main/java/com/swmansion/rnscreens/bottomsheet/BottomSheetDialogRootView.kt:32:9 The corresponding parameter in the supertype 'ReactViewGroup' is named 'left'. This may cause problems when calling this function with named arguments.
w: file:///C:/Users/DONEX/kandoo/node_modules/react-native-screens/android/src/main/java/com/swmansion/rnscreens/bottomsheet/BottomSheetDialogRootView.kt:33:9 The corresponding parameter in the supertype 'ReactViewGroup' is named 'top'. This may cause problems when calling this function with named arguments.
w: file:///C:/Users/DONEX/kandoo/node_modules/react-native-screens/android/src/main/java/com/swmansion/rnscreens/bottomsheet/BottomSheetDialogRootView.kt:34:9 The corresponding parameter in the supertype 'ReactViewGroup' is named 'right'. This may cause problems when calling this function with named arguments.
w: file:///C:/Users/DONEX/kandoo/node_modules/react-native-screens/android/src/main/java/com/swmansion/rnscreens/bottomsheet/BottomSheetDialogRootView.kt:35:9 The corresponding parameter in the supertype 'ReactViewGroup' is named 'bottom'. This may cause problems when calling this function with named arguments.
w: file:///C:/Users/DONEX/kandoo/node_modules/react-native-screens/android/src/main/java/com/swmansion/rnscreens/bottomsheet/BottomSheetDialogRootView.kt:71:9 The corresponding parameter in the supertype 'RootView' is named 'childView'. This may cause problems when calling this function with named arguments.
w: file:///C:/Users/DONEX/kandoo/node_modules/react-native-screens/android/src/main/java/com/swmansion/rnscreens/bottomsheet/BottomSheetDialogRootView.kt:72:9 The corresponding parameter in the supertype 'RootView' is named 'ev'. This may cause problems when calling this function with named arguments.
w: file:///C:/Users/DONEX/kandoo/node_modules/react-native-screens/android/src/main/java/com/swmansion/rnscreens/bottomsheet/BottomSheetDialogRootView.kt:79:46 The corresponding parameter in the supertype 'RootView' is named 'ev'. This may cause problems when calling this function with named arguments.
w: file:///C:/Users/DONEX/kandoo/node_modules/react-native-screens/android/src/main/java/com/swmansion/rnscreens/bottomsheet/BottomSheetDialogRootView.kt:83:9 The corresponding parameter in the supertype 'RootView' is named 'childView'. This may cause problems when calling this function with named arguments.
w: file:///C:/Users/DONEX/kandoo/node_modules/react-native-screens/android/src/main/java/com/swmansion/rnscreens/bottomsheet/BottomSheetDialogRootView.kt:84:9 The corresponding parameter in the supertype 'RootView' is named 'ev'. This may cause problems when calling this function with named arguments.
w: file:///C:/Users/DONEX/kandoo/node_modules/react-native-screens/android/src/main/java/com/swmansion/rnscreens/bottomsheet/BottomSheetDialogRootView.kt:95:34 The corresponding parameter in the supertype 'RootView' is named 't'. This may cause problems when calling this function with named arguments.
w: file:///C:/Users/DONEX/kandoo/node_modules/react-native-screens/android/src/main/java/com/swmansion/rnscreens/bottomsheet/DimmingView.kt:64:9 The corresponding parameter in the supertype 'ReactCompoundView' is named 'touchX'. This may cause problems when calling this function with named arguments.
w: file:///C:/Users/DONEX/kandoo/node_modules/react-native-screens/android/src/main/java/com/swmansion/rnscreens/bottomsheet/DimmingView.kt:65:9 The corresponding parameter in the supertype 'ReactCompoundView' is named 'touchY'. This may cause problems when calling this function with named arguments.
w: file:///C:/Users/DONEX/kandoo/node_modules/react-native-screens/android/src/main/java/com/swmansion/rnscreens/bottomsheet/DimmingView.kt:69:9 The corresponding parameter in the supertype 'ReactCompoundViewGroup' is named 'touchX'. This may cause problems when calling this function with named arguments.
w: file:///C:/Users/DONEX/kandoo/node_modules/react-native-screens/android/src/main/java/com/swmansion/rnscreens/bottomsheet/DimmingView.kt:70:9 The corresponding parameter in the supertype 'ReactCompoundViewGroup' is named 'touchY'. This may cause problems when calling this function with named arguments.
w: file:///C:/Users/DONEX/kandoo/node_modules/react-native-screens/android/src/main/java/com/swmansion/rnscreens/gamma/common/event/BaseEventEmitter.kt:12:38 'fun getEventDispatcherForReactTag(context: ReactContext, reactTag: Int): EventDispatcher?' is deprecated. reactTag is no longer needed.
w: file:///C:/Users/DONEX/kandoo/node_modules/react-native-screens/android/src/main/java/com/swmansion/rnscreens/gamma/modals/dimmingview/DimmingView.kt:64:9 The corresponding parameter in the supertype 'ReactCompoundView' is named 'touchX'. This may cause problems when calling this function with named arguments.
w: file:///C:/Users/DONEX/kandoo/node_modules/react-native-screens/android/src/main/java/com/swmansion/rnscreens/gamma/modals/dimmingview/DimmingView.kt:65:9 The corresponding parameter in the supertype 'ReactCompoundView' is named 'touchY'. This may cause problems when calling this function with named arguments.
w: file:///C:/Users/DONEX/kandoo/node_modules/react-native-screens/android/src/main/java/com/swmansion/rnscreens/gamma/modals/dimmingview/DimmingView.kt:69:9 The corresponding parameter in the supertype 'ReactCompoundViewGroup' is named 'touchX'. This may cause problems when calling this function with named arguments.
w: file:///C:/Users/DONEX/kandoo/node_modules/react-native-screens/android/src/main/java/com/swmansion/rnscreens/gamma/modals/dimmingview/DimmingView.kt:70:9 The corresponding parameter in the supertype 'ReactCompoundViewGroup' is named 'touchY'. This may cause problems when calling this function with named arguments.
w: file:///C:/Users/DONEX/kandoo/node_modules/react-native-screens/android/src/main/java/com/swmansion/rnscreens/gamma/modals/formsheet/FormSheetContentView.kt:11:8 'object ReactFeatureFlags : Any' is deprecated. Use com.facebook.react.internal.featureflags.ReactNativeFeatureFlags instead.
w: file:///C:/Users/DONEX/kandoo/node_modules/react-native-screens/android/src/main/java/com/swmansion/rnscreens/gamma/modals/formsheet/FormSheetContentView.kt:39:33 'fun getEventDispatcher(context: ReactContext, uiManagerType: Int): EventDispatcher?' is deprecated. UIManagerType is no longer needed.
w: file:///C:/Users/DONEX/kandoo/node_modules/react-native-screens/android/src/main/java/com/swmansion/rnscreens/gamma/modals/formsheet/FormSheetContentView.kt:44:13 'object ReactFeatureFlags : Any' is deprecated. Use com.facebook.react.internal.featureflags.ReactNativeFeatureFlags instead.
w: file:///C:/Users/DONEX/kandoo/node_modules/react-native-screens/android/src/main/java/com/swmansion/rnscreens/gamma/modals/formsheet/FormSheetHostViewManager.kt:38:9 The corresponding parameter in the supertype 'FormSheetHostViewManager' is named 'view'. This may cause problems when calling this function with named arguments.
w: file:///C:/Users/DONEX/kandoo/node_modules/react-native-screens/android/src/main/java/com/swmansion/rnscreens/gamma/tabs/host/TabsHostViewManager.kt:44:9 The corresponding parameter in the supertype 'TabsHostViewManager' is named 'view'. This may cause problems when calling this function with named arguments.
w: file:///C:/Users/DONEX/kandoo/node_modules/react-native-screens/android/src/main/java/com/swmansion/rnscreens/safearea/SafeAreaView.kt:143:45 'fun consumeDisplayCutout(): @NonNull() WindowInsetsCompat' is deprecated. Deprecated in Java.

> Task :react-native-reanimated:compileReleaseJavaWithJavac
> Task :react-native-reanimated:bundleLibCompileToJarRelease
> Task :react-native-reanimated:bundleLibRuntimeToDirRelease
> Task :react-native-screens:compileReleaseJavaWithJavac
> Task :expo-dev-client:dataBindingGenBaseClassesRelease
> Task :expo-dev-launcher:generateReleaseResValues
> Task :expo-dev-client:generateReleaseRFile
> Task :expo-dev-launcher:generateReleaseResources
> Task :expo-modules-core:compileReleaseKotlin
> Task :expo-dev-launcher:packageReleaseResources
> Task :expo-dev-launcher:generateReleaseBuildConfig
> Task :expo-dev-menu:checkKotlinGradlePluginConfigurationErrors SKIPPED
> Task :expo-dev-launcher:parseReleaseLocalResources
> Task :expo-dev-launcher:javaPreCompileRelease
> Task :expo-dev-menu:generateReleaseBuildConfig
> Task :expo-dev-launcher:dataBindingGenBaseClassesRelease
> Task :expo-dev-menu:generateReleaseResValues
> Task :expo-dev-launcher:generateReleaseRFile
> Task :expo-dev-menu:generateReleaseResources
> Task :expo-dev-menu:packageReleaseResources
> Task :expo-dev-menu-interface:checkKotlinGradlePluginConfigurationErrors SKIPPED
> Task :expo-dev-menu:parseReleaseLocalResources
> Task :expo-dev-menu:javaPreCompileRelease
> Task :expo-dev-menu-interface:generateReleaseBuildConfig
> Task :expo-dev-menu-interface:generateReleaseResValues
> Task :expo-dev-menu:generateReleaseRFile
> Task :expo-dev-menu-interface:generateReleaseResources
> Task :expo-dev-menu-interface:packageReleaseResources
> Task :expo-json-utils:checkKotlinGradlePluginConfigurationErrors SKIPPED
> Task :expo-dev-menu-interface:parseReleaseLocalResources
> Task :expo-dev-menu-interface:javaPreCompileRelease
> Task :expo-json-utils:generateReleaseBuildConfig
> Task :expo-json-utils:generateReleaseResValues
> Task :expo-json-utils:generateReleaseResources
> Task :expo-dev-menu-interface:generateReleaseRFile
> Task :expo-json-utils:packageReleaseResources
> Task :expo-log-box:checkKotlinGradlePluginConfigurationErrors SKIPPED
> Task :expo-json-utils:parseReleaseLocalResources
> Task :expo-json-utils:javaPreCompileRelease
> Task :expo-log-box:generateReleaseBuildConfig
> Task :expo-log-box:generateReleaseResValues
> Task :expo-json-utils:generateReleaseRFile
> Task :expo-log-box:generateReleaseResources
> Task :expo-log-box:packageReleaseResources
> Task :expo-log-box:parseReleaseLocalResources
> Task :expo-log-box:generateReleaseRFile
> Task :expo-manifests:checkKotlinGradlePluginConfigurationErrors SKIPPED
> Task :expo-log-box:javaPreCompileRelease
> Task :expo-manifests:generateReleaseBuildConfig
> Task :expo-manifests:generateReleaseResValues
> Task :expo-manifests:generateReleaseResources
> Task :expo-manifests:packageReleaseResources
> Task :expo-speech-recognition:checkKotlinGradlePluginConfigurationErrors SKIPPED
> Task :expo-manifests:parseReleaseLocalResources
> Task :expo-manifests:javaPreCompileRelease
> Task :expo-speech-recognition:generateReleaseBuildConfig
> Task :expo-manifests:generateReleaseRFile
> Task :expo-speech-recognition:generateReleaseResValues
> Task :expo-speech-recognition:generateReleaseResources
> Task :expo-speech-recognition:packageReleaseResources
> Task :expo-speech-recognition:parseReleaseLocalResources
> Task :expo-speech-recognition:javaPreCompileRelease
> Task :expo-updates-interface:checkKotlinGradlePluginConfigurationErrors SKIPPED
> Task :expo-speech-recognition:generateReleaseRFile
> Task :expo-updates-interface:generateReleaseBuildConfig
> Task :expo-updates-interface:generateReleaseResValues
> Task :expo-updates-interface:generateReleaseResources
> Task :expo-updates-interface:packageReleaseResources
> Task :expo-updates-interface:parseReleaseLocalResources
> Task :expo-updates-interface:javaPreCompileRelease
> Task :expo:javaPreCompileRelease
> Task :expo-updates-interface:generateReleaseRFile
> Task :react-native-async-storage_async-storage:generateReleaseBuildConfig
> Task :react-native-async-storage_async-storage:generateReleaseResValues
> Task :react-native-async-storage_async-storage:generateReleaseResources
> Task :react-native-async-storage_async-storage:packageReleaseResources
> Task :react-native-async-storage_async-storage:parseReleaseLocalResources
> Task :react-native-async-storage_async-storage:javaPreCompileRelease
> Task :react-native-worklets:bundleLibRuntimeToDirRelease
> Task :react-native-async-storage_async-storage:generateReleaseRFile
> Task :react-native-masked-view_masked-view:generateReleaseBuildConfig

> Task :react-native-async-storage_async-storage:compileReleaseJavaWithJavac
Note: Some input files use or override a deprecated API.
Note: Recompile with -Xlint:deprecation for details.
Note: C:\Users\DONEX\kandoo\node_modules\@react-native-async-storage\async-storage\android\src\javaPackage\java\com\reactnativecommunity\asyncstorage\AsyncStoragePackage.java uses unchecked or unsafe operations.
Note: Recompile with -Xlint:unchecked for details.

> Task :react-native-masked-view_masked-view:generateReleaseResValues
> Task :react-native-masked-view_masked-view:generateReleaseResources
> Task :react-native-masked-view_masked-view:packageReleaseResources
> Task :react-native-masked-view_masked-view:parseReleaseLocalResources
> Task :react-native-masked-view_masked-view:javaPreCompileRelease
> Task :react-native-masked-view_masked-view:generateReleaseRFile
> Task :react-native-async-storage_async-storage:bundleLibRuntimeToDirRelease

> Task :react-native-gesture-handler:compileReleaseKotlin
w: file:///C:/Users/DONEX/kandoo/node_modules/react-native-gesture-handler/android/src/main/java/com/swmansion/gesturehandler/react/Extensions.kt:8:8 'class UIManagerModule : ReactContextBaseJavaModule, LifecycleEventListener, UIManager' is deprecated. Deprecated in Java.
w: file:///C:/Users/DONEX/kandoo/node_modules/react-native-gesture-handler/android/src/main/java/com/swmansion/gesturehandler/react/Extensions.kt:13:29 'class UIManagerModule : ReactContextBaseJavaModule, LifecycleEventListener, UIManager' is deprecated. Deprecated in Java.
w: file:///C:/Users/DONEX/kandoo/node_modules/react-native-gesture-handler/android/src/main/java/com/swmansion/gesturehandler/react/Extensions.kt:14:32 'class UIManagerModule : ReactContextBaseJavaModule, LifecycleEventListener, UIManager' is deprecated. Deprecated in Java.

> Task :app:checkReleaseDuplicateClasses

> Task :react-native-masked-view_masked-view:compileReleaseJavaWithJavac
Note: C:\Users\DONEX\kandoo\node_modules\@react-native-masked-view\masked-view\android\src\main\java\org\reactnative\maskedview\RNCMaskedViewPackage.java uses or overrides a deprecated API.
Note: Recompile with -Xlint:deprecation for details.

> Task :react-native-masked-view_masked-view:bundleLibRuntimeToDirRelease
> Task :react-native-screens:bundleLibRuntimeToDirRelease
> Task :app:buildKotlinToolingMetadata
> Task :react-native-gesture-handler:compileReleaseJavaWithJavac
> Task :app:checkKotlinGradlePluginConfigurationErrors SKIPPED
> Task :app:generateReleaseBuildConfig
> Task :expo:writeReleaseAarMetadata
> Task :expo-constants:writeReleaseAarMetadata
> Task :expo-dev-client:writeReleaseAarMetadata
> Task :expo-dev-menu:writeReleaseAarMetadata
> Task :expo-dev-launcher:writeReleaseAarMetadata
> Task :expo-dev-menu-interface:writeReleaseAarMetadata
> Task :expo-json-utils:writeReleaseAarMetadata
> Task :expo-log-box:writeReleaseAarMetadata
> Task :expo-manifests:writeReleaseAarMetadata
> Task :expo-modules-core:writeReleaseAarMetadata
> Task :expo-speech-recognition:writeReleaseAarMetadata
> Task :expo-updates-interface:writeReleaseAarMetadata
> Task :react-native-async-storage_async-storage:writeReleaseAarMetadata
> Task :react-native-gesture-handler:writeReleaseAarMetadata
> Task :react-native-masked-view_masked-view:writeReleaseAarMetadata
> Task :react-native-reanimated:writeReleaseAarMetadata
> Task :react-native-safe-area-context:writeReleaseAarMetadata
> Task :react-native-screens:writeReleaseAarMetadata
> Task :react-native-worklets:writeReleaseAarMetadata
> Task :react-native-gesture-handler:bundleLibRuntimeToDirRelease

> Task :app:createBundleReleaseJsAndAssets
env: load .env
env: export EXPO_PUBLIC_API_URL EXPO_PUBLIC_SUPABASE_PUBLISHABLE_KEY EXPO_PUBLIC_SUPABASE_URL
Using src/app as the root directory for Expo Router.
React Compiler enabled
Starting Metro Bundler

warning: Bundler cache is empty, rebuilding (this may take a minute)

> Task :expo-modules-core:compileReleaseKotlin
w: file:///C:/Users/DONEX/kandoo/node_modules/expo-modules-core/android/src/main/java/expo/modules/apploader/AppLoaderProvider.kt:34:52 Unchecked cast of 'Class<*>!' to 'Class<out HeadlessAppLoader>'.
w: file:///C:/Users/DONEX/kandoo/node_modules/expo-modules-core/android/src/main/java/expo/modules/kotlin/AppContext.kt:14:8 'class UIManagerModule : ReactContextBaseJavaModule, LifecycleEventListener, UIManager' is deprecated. Deprecated in Java.
w: file:///C:/Users/DONEX/kandoo/node_modules/expo-modules-core/android/src/main/java/expo/modules/kotlin/AppContext.kt:22:8 'typealias ErrorManagerModule = JSLoggerModule' is deprecated. Use JSLoggerModule instead.
w: file:///C:/Users/DONEX/kandoo/node_modules/expo-modules-core/android/src/main/java/expo/modules/kotlin/AppContext.kt:61:13 'val hostingRuntimeContext: MainRuntime' is deprecated. Use AppContext.runtimeContext instead.
w: file:///C:/Users/DONEX/kandoo/node_modules/expo-modules-core/android/src/main/java/expo/modules/kotlin/AppContext.kt:271:21 'typealias ErrorManagerModule = JSLoggerModule' is deprecated. Use JSLoggerModule instead.
w: file:///C:/Users/DONEX/kandoo/node_modules/expo-modules-core/android/src/main/java/expo/modules/kotlin/AppContext.kt:380:21 'val DEFAULT: Int' is deprecated. UIManagerType.DEFAULT will be deleted in the next release of React Native. Use [LEGACY] instead.
w: file:///C:/Users/DONEX/kandoo/node_modules/expo-modules-core/android/src/main/java/expo/modules/kotlin/AppContext.kt:381:10 'class UIManagerModule : ReactContextBaseJavaModule, LifecycleEventListener, UIManager' is deprecated. Deprecated in Java.
w: file:///C:/Users/DONEX/kandoo/node_modules/expo-modules-core/android/src/main/java/expo/modules/kotlin/defaultmodules/NativeModulesProxyModule.kt:16:5 'fun Constants(legacyConstantsProvider: () -> Map<String, Any?>): Unit' is deprecated. Use `Constant` or `Property` instead.
w: file:///C:/Users/DONEX/kandoo/node_modules/expo-modules-core/android/src/main/java/expo/modules/kotlin/events/KModuleEventEmitterWrapper.kt:99:21 'fun getEventDispatcherForReactTag(context: ReactContext, reactTag: Int): EventDispatcher?' is deprecated. reactTag is no longer needed.
w: file:///C:/Users/DONEX/kandoo/node_modules/expo-modules-core/android/src/main/java/expo/modules/kotlin/events/KModuleEventEmitterWrapper.kt:108:21 'fun getEventDispatcherForReactTag(context: ReactContext, reactTag: Int): EventDispatcher?' is deprecated. reactTag is no longer needed.
w: file:///C:/Users/DONEX/kandoo/node_modules/expo-modules-core/android/src/main/java/expo/modules/kotlin/views/ViewDefinitionBuilder.kt:470:16 'val errorManager: JSLoggerModule?' is deprecated. Use AppContext.jsLogger instead.
w: file:///C:/Users/DONEX/kandoo/node_modules/expo-modules-core/android/src/main/java/expo/modules/kotlin/views/ViewDefinitionBuilder.kt:470:30 'fun reportExceptionToLogBox(codedException: CodedException): Unit' is deprecated. Use appContext.jsLogger.error(...) instead.
w: file:///C:/Users/DONEX/kandoo/node_modules/expo-modules-core/android/src/main/java/expo/modules/kotlin/views/ViewManagerDefinition.kt:41:16 'val errorManager: JSLoggerModule?' is deprecated. Use AppContext.jsLogger instead.
w: file:///C:/Users/DONEX/kandoo/node_modules/expo-modules-core/android/src/main/java/expo/modules/kotlin/views/ViewManagerDefinition.kt:41:30 'fun reportExceptionToLogBox(codedException: CodedException): Unit' is deprecated. Use appContext.jsLogger.error(...) instead.

> Task :app:createBundleReleaseJsAndAssets
Android Bundled 68637ms node_modules\expo-router\entry.js (1756 modules)
Writing bundle output to: android\app\build\generated\assets\react\release\index.android.bundle
Writing sourcemap output to: android\app\build\intermediates\sourcemaps\react\release\index.android.bundle.packager.map
Copying 49 asset files
Done writing bundle output
Done writing sourcemap output

> Task :expo-modules-core:compileReleaseJavaWithJavac
Note: Some input files use or override a deprecated API.
Note: Recompile with -Xlint:deprecation for details.

> Task :app:generateReleaseResValues
> Task :app:processReleaseGoogleServices
> Task :app:checkReleaseAarMetadata
> Task :app:mapReleaseSourceSetPaths
> Task :app:generateReleaseResources
> Task :expo-modules-core:bundleLibCompileToJarRelease
> Task :expo-modules-core:bundleLibRuntimeToDirRelease
> Task :expo-dev-client:compileReleaseKotlin NO-SOURCE

> Task :expo-constants:compileReleaseKotlin
w: file:///C:/Users/DONEX/kandoo/node_modules/expo-constants/android/src/main/java/expo/modules/constants/ConstantsModule.kt:13:5 'fun Constants(legacyConstantsProvider: () -> Map<String, Any?>): Unit' is deprecated. Use `Constant` or `Property` instead.

> Task :app:mergeReleaseResources
> Task :expo-dev-client:compileReleaseJavaWithJavac
> Task :expo-constants:compileReleaseJavaWithJavac
> Task :expo-constants:bundleLibCompileToJarRelease
> Task :expo-dev-client:bundleLibCompileToJarRelease
> Task :expo-dev-menu-interface:compileReleaseKotlin NO-SOURCE

> Task :expo-dev-launcher:compileReleaseKotlin
w: file:///C:/Users/DONEX/kandoo/node_modules/expo-dev-launcher/android/src/main/java/expo/modules/devlauncher/DevLauncherPackage.kt:15:16 This declaration overrides a deprecated member but is not marked as deprecated itself. Add the '@Deprecated' annotation or suppress the diagnostic.

> Task :expo-dev-menu-interface:compileReleaseJavaWithJavac
> Task :expo-dev-menu-interface:bundleLibCompileToJarRelease
> Task :expo-dev-menu:compileReleaseKotlin
> Task :expo-json-utils:compileReleaseKotlin
> Task :expo-dev-launcher:compileReleaseJavaWithJavac
> Task :expo-dev-launcher:bundleLibCompileToJarRelease
> Task :expo-dev-menu:compileReleaseJavaWithJavac
> Task :expo-dev-menu:bundleLibCompileToJarRelease
> Task :expo-json-utils:compileReleaseJavaWithJavac
> Task :expo-json-utils:bundleLibCompileToJarRelease
> Task :expo-dev-menu-interface:bundleLibRuntimeToDirRelease
> Task :expo-dev-client:bundleLibRuntimeToDirRelease
> Task :expo-constants:bundleLibRuntimeToDirRelease
> Task :expo-dev-launcher:bundleLibRuntimeToDirRelease
> Task :expo-json-utils:bundleLibRuntimeToDirRelease
> Task :expo-dev-menu:bundleLibRuntimeToDirRelease
> Task :app:packageReleaseResources
> Task :app:createReleaseCompatibleScreenManifests
> Task :app:extractDeepLinksRelease
> Task :expo:extractDeepLinksRelease
> Task :expo-constants:extractDeepLinksRelease
> Task :expo:processReleaseManifest
> Task :expo-dev-client:extractDeepLinksRelease
> Task :expo-constants:processReleaseManifest
> Task :expo-dev-launcher:extractDeepLinksRelease
> Task :expo-updates-interface:compileReleaseKotlin
> Task :expo-dev-client:processReleaseManifest
> Task :expo-dev-launcher:processReleaseManifest
> Task :app:parseReleaseLocalResources
> Task :expo-log-box:compileReleaseKotlin
> Task :expo-updates-interface:compileReleaseJavaWithJavac

> Task :expo-manifests:compileReleaseKotlin
w: file:///C:/Users/DONEX/kandoo/node_modules/expo-manifests/android/src/main/java/expo/modules/manifests/core/EmbeddedManifest.kt:19:16 This declaration overrides a deprecated member but is not marked as deprecated itself. Add the '@Deprecated' annotation or suppress the diagnostic.
w: file:///C:/Users/DONEX/kandoo/node_modules/expo-manifests/android/src/main/java/expo/modules/manifests/core/EmbeddedManifest.kt:19:86 'fun getLegacyID(): String' is deprecated. Prefer scopeKey or projectId depending on use case.
w: file:///C:/Users/DONEX/kandoo/node_modules/expo-manifests/android/src/main/java/expo/modules/manifests/core/ExpoUpdatesManifest.kt:16:16 This declaration overrides a deprecated member but is not marked as deprecated itself. Add the '@Deprecated' annotation or suppress the diagnostic.
w: file:///C:/Users/DONEX/kandoo/node_modules/expo-manifests/android/src/main/java/expo/modules/manifests/core/Manifest.kt:13:3 Deprecations and opt-ins on a method overridden from 'Any' may not be reported.
w: file:///C:/Users/DONEX/kandoo/node_modules/expo-manifests/android/src/main/java/expo/modules/manifests/core/Manifest.kt:15:12 'fun getRawJson(): JSONObject' is deprecated. Prefer to use specific field getters.

> Task :expo-log-box:compileReleaseJavaWithJavac
> Task :expo-log-box:bundleLibCompileToJarRelease
> Task :expo-manifests:compileReleaseJavaWithJavac
> Task :expo-manifests:bundleLibCompileToJarRelease
> Task :expo-updates-interface:bundleLibCompileToJarRelease
> Task :expo-dev-menu:extractDeepLinksRelease
> Task :expo-dev-menu-interface:extractDeepLinksRelease
> Task :expo-json-utils:extractDeepLinksRelease
> Task :expo-log-box:extractDeepLinksRelease
> Task :expo-dev-menu:processReleaseManifest
> Task :expo-log-box:processReleaseManifest
> Task :expo-manifests:extractDeepLinksRelease
> Task :expo-modules-core:extractDeepLinksRelease
> Task :expo-dev-menu-interface:processReleaseManifest
> Task :expo-manifests:processReleaseManifest
> Task :expo-speech-recognition:extractDeepLinksRelease
> Task :expo-json-utils:processReleaseManifest
> Task :expo-updates-interface:extractDeepLinksRelease

> Task :expo-modules-core:processReleaseManifest
C:\Users\DONEX\kandoo\node_modules\expo-modules-core\android\src\main\AndroidManifest.xml:8:9-11:45 Warning:
	meta-data#com.facebook.soloader.enabled@android:value was tagged at AndroidManifest.xml:8 to replace other declarations but no other declaration present

> Task :expo-speech-recognition:processReleaseManifest
> Task :react-native-async-storage_async-storage:extractDeepLinksRelease
> Task :expo-updates-interface:processReleaseManifest
> Task :react-native-gesture-handler:extractDeepLinksRelease
> Task :react-native-masked-view_masked-view:extractDeepLinksRelease
> Task :expo-manifests:bundleLibRuntimeToDirRelease
> Task :expo-updates-interface:bundleLibRuntimeToDirRelease
> Task :expo-log-box:bundleLibRuntimeToDirRelease
> Task :react-native-gesture-handler:processReleaseManifest

> Task :react-native-async-storage_async-storage:processReleaseManifest
package="com.reactnativecommunity.asyncstorage" found in source AndroidManifest.xml: C:\Users\DONEX\kandoo\node_modules\@react-native-async-storage\async-storage\android\src\main\AndroidManifest.xml.
Setting the namespace via the package attribute in the source AndroidManifest.xml is no longer supported, and the value is ignored.
Recommendation: remove package="com.reactnativecommunity.asyncstorage" from the source AndroidManifest.xml: C:\Users\DONEX\kandoo\node_modules\@react-native-async-storage\async-storage\android\src\main\AndroidManifest.xml.

> Task :react-native-masked-view_masked-view:processReleaseManifest
> Task :react-native-reanimated:extractDeepLinksRelease
> Task :react-native-safe-area-context:extractDeepLinksRelease
> Task :react-native-screens:extractDeepLinksRelease
> Task :react-native-reanimated:processReleaseManifest

> Task :react-native-safe-area-context:processReleaseManifest
package="com.th3rdwave.safeareacontext" found in source AndroidManifest.xml: C:\Users\DONEX\kandoo\node_modules\react-native-safe-area-context\android\src\main\AndroidManifest.xml.
Setting the namespace via the package attribute in the source AndroidManifest.xml is no longer supported, and the value is ignored.
Recommendation: remove package="com.th3rdwave.safeareacontext" from the source AndroidManifest.xml: C:\Users\DONEX\kandoo\node_modules\react-native-safe-area-context\android\src\main\AndroidManifest.xml.

> Task :react-native-worklets:extractDeepLinksRelease
> Task :react-native-screens:processReleaseManifest
> Task :expo:compileReleaseLibraryResources
> Task :react-native-worklets:processReleaseManifest
> Task :expo-constants:compileReleaseLibraryResources

> Task :app:processReleaseMainManifest
C:\Users\DONEX\kandoo\android\app\src\main\AndroidManifest.xml Warning:
	provider#expo.modules.filesystem.FileSystemFileProvider@android:authorities was tagged at AndroidManifest.xml:0 to replace other declarations but no other declaration present

> Task :app:expoReleaseOverrideMaxSdkConflicts
[33m---------- Expo Max Sdk Override Plugin ----------[0m
[32m>>> No 'android:maxSdkVersion' conflicts found[0m
[33m--------------------------------------------------[0m

> Task :app:processReleaseManifest
> Task :expo-dev-client:compileReleaseLibraryResources
> Task :expo-dev-launcher:compileReleaseLibraryResources
> Task :expo-dev-menu:compileReleaseLibraryResources
> Task :expo-dev-menu-interface:compileReleaseLibraryResources
> Task :expo-json-utils:compileReleaseLibraryResources
> Task :expo-log-box:compileReleaseLibraryResources
> Task :expo-manifests:compileReleaseLibraryResources
> Task :expo-modules-core:compileReleaseLibraryResources
> Task :expo-speech-recognition:compileReleaseLibraryResources
> Task :expo-updates-interface:compileReleaseLibraryResources
> Task :react-native-async-storage_async-storage:compileReleaseLibraryResources
> Task :react-native-gesture-handler:compileReleaseLibraryResources
> Task :react-native-masked-view_masked-view:compileReleaseLibraryResources
> Task :react-native-reanimated:compileReleaseLibraryResources
> Task :react-native-safe-area-context:compileReleaseLibraryResources
> Task :react-native-worklets:compileReleaseLibraryResources
> Task :app:processReleaseManifestForPackage
> Task :react-native-masked-view_masked-view:bundleLibCompileToJarRelease
> Task :react-native-async-storage_async-storage:bundleLibCompileToJarRelease
> Task :react-native-screens:compileReleaseLibraryResources
> Task :expo-speech-recognition:compileReleaseKotlin
> Task :app:javaPreCompileRelease
> Task :app:desugarReleaseFileDependencies
> Task :react-native-safe-area-context:bundleLibCompileToJarRelease
> Task :react-native-gesture-handler:bundleLibCompileToJarRelease
> Task :react-native-screens:bundleLibCompileToJarRelease
> Task :expo-speech-recognition:compileReleaseJavaWithJavac
> Task :expo-speech-recognition:bundleLibCompileToJarRelease
> Task :expo-speech-recognition:bundleLibRuntimeToDirRelease
> Task :app:mergeReleaseStartupProfile
> Task :app:processReleaseResources
> Task :expo:compileReleaseKotlin
> Task :app:mergeExtDexRelease

> Task :expo:compileReleaseKotlin
w: file:///C:/Users/DONEX/kandoo/node_modules/expo/android/src/main/java/expo/modules/ExpoModulesPackage.kt:34:16 This declaration overrides a deprecated member but is not marked as deprecated itself. Add the '@Deprecated' annotation or suppress the diagnostic.
w: file:///C:/Users/DONEX/kandoo/node_modules/expo/android/src/main/java/expo/modules/ReactActivityDelegateWrapper.kt:22:8 'class ReactInstanceManager : Any' is deprecated. Deprecated in Java.
w: file:///C:/Users/DONEX/kandoo/node_modules/expo/android/src/main/java/expo/modules/ReactActivityDelegateWrapper.kt:102:16 This declaration overrides a deprecated member but is not marked as deprecated itself. Add the '@Deprecated' annotation or suppress the diagnostic.
w: file:///C:/Users/DONEX/kandoo/node_modules/expo/android/src/main/java/expo/modules/ReactActivityDelegateWrapper.kt:102:43 'class ReactInstanceManager : Any' is deprecated. Deprecated in Java.
w: file:///C:/Users/DONEX/kandoo/node_modules/expo/android/src/main/java/expo/modules/ReactActivityDelegateWrapper.kt:103:21 'val reactInstanceManager: ReactInstanceManager' is deprecated. Deprecated in Java.
w: file:///C:/Users/DONEX/kandoo/node_modules/expo/android/src/main/java/expo/modules/fetch/ExpoFetchModule.kt:33:39 'constructor(reactContext: ReactContext): ForwardingCookieHandler' is deprecated. Use the default constructor.
w: file:///C:/Users/DONEX/kandoo/node_modules/expo/android/src/main/java/expo/modules/fetch/NativeResponse.kt:44:16 This declaration overrides a deprecated member but is not marked as deprecated itself. Add the '@Deprecated' annotation or suppress the diagnostic.
w: file:///C:/Users/DONEX/kandoo/node_modules/expo/android/src/main/java/expo/modules/fetch/NativeResponse.kt:46:11 'fun deallocate(): Unit' is deprecated. Use sharedObjectDidRelease() instead.

> Task :expo:compileReleaseJavaWithJavac
> Task :expo:prepareReleaseArtProfile
> Task :expo-constants:prepareReleaseArtProfile
> Task :expo-dev-client:prepareReleaseArtProfile
> Task :expo-dev-launcher:prepareReleaseArtProfile
> Task :expo-dev-menu:prepareReleaseArtProfile
> Task :expo-dev-menu-interface:prepareReleaseArtProfile
> Task :expo-json-utils:prepareReleaseArtProfile
> Task :expo-log-box:prepareReleaseArtProfile
> Task :expo-manifests:prepareReleaseArtProfile
> Task :expo-modules-core:prepareReleaseArtProfile
> Task :expo-speech-recognition:prepareReleaseArtProfile
> Task :expo-updates-interface:prepareReleaseArtProfile
> Task :react-native-async-storage_async-storage:prepareReleaseArtProfile
> Task :react-native-gesture-handler:prepareReleaseArtProfile
> Task :react-native-masked-view_masked-view:prepareReleaseArtProfile
> Task :react-native-reanimated:prepareReleaseArtProfile
> Task :react-native-safe-area-context:prepareReleaseArtProfile
> Task :react-native-screens:prepareReleaseArtProfile
> Task :react-native-worklets:prepareReleaseArtProfile
> Task :expo:bundleLibCompileToJarRelease
> Task :expo:bundleLibRuntimeToDirRelease
> Task :app:mergeReleaseArtProfile
> Task :react-native-safe-area-context:bundleLibRuntimeToJarRelease
> Task :react-native-worklets:bundleLibRuntimeToJarRelease
> Task :expo:bundleLibRuntimeToJarRelease
> Task :react-native-reanimated:bundleLibRuntimeToJarRelease
> Task :react-native-gesture-handler:bundleLibRuntimeToJarRelease
> Task :react-native-async-storage_async-storage:bundleLibRuntimeToJarRelease
> Task :react-native-masked-view_masked-view:bundleLibRuntimeToJarRelease
> Task :expo-log-box:bundleLibRuntimeToJarRelease
> Task :expo-dev-launcher:bundleLibRuntimeToJarRelease
> Task :expo-dev-menu-interface:bundleLibRuntimeToJarRelease
> Task :expo-constants:bundleLibRuntimeToJarRelease
> Task :expo-dev-client:bundleLibRuntimeToJarRelease
> Task :expo-dev-menu:bundleLibRuntimeToJarRelease
> Task :expo-json-utils:bundleLibRuntimeToJarRelease
> Task :expo-manifests:bundleLibRuntimeToJarRelease
> Task :expo-updates-interface:bundleLibRuntimeToJarRelease
> Task :react-native-screens:bundleLibRuntimeToJarRelease
> Task :app:mergeReleaseShaders
> Task :expo-speech-recognition:bundleLibRuntimeToJarRelease
> Task :app:compileReleaseShaders NO-SOURCE
> Task :app:generateReleaseAssets UP-TO-DATE
> Task :expo:mergeReleaseShaders
> Task :expo:compileReleaseShaders NO-SOURCE
> Task :expo:generateReleaseAssets UP-TO-DATE
> Task :expo:mergeReleaseAssets
> Task :expo-constants:mergeReleaseShaders
> Task :expo-constants:compileReleaseShaders NO-SOURCE
> Task :expo-constants:generateReleaseAssets UP-TO-DATE
> Task :expo-constants:mergeReleaseAssets
> Task :expo-dev-client:mergeReleaseShaders
> Task :expo-dev-client:compileReleaseShaders NO-SOURCE
> Task :expo-dev-client:generateReleaseAssets UP-TO-DATE
> Task :expo-dev-client:mergeReleaseAssets
> Task :expo-dev-launcher:mergeReleaseShaders
> Task :expo-dev-launcher:compileReleaseShaders NO-SOURCE
> Task :expo-dev-launcher:generateReleaseAssets UP-TO-DATE
> Task :expo-dev-launcher:mergeReleaseAssets
> Task :expo-dev-menu:mergeReleaseShaders
> Task :expo-dev-menu:compileReleaseShaders NO-SOURCE
> Task :expo-dev-menu:generateReleaseAssets UP-TO-DATE
> Task :expo-dev-menu:mergeReleaseAssets
> Task :expo-dev-menu-interface:mergeReleaseShaders
> Task :expo-dev-menu-interface:compileReleaseShaders NO-SOURCE
> Task :expo-dev-menu-interface:generateReleaseAssets UP-TO-DATE
> Task :expo-dev-menu-interface:mergeReleaseAssets
> Task :expo-json-utils:mergeReleaseShaders
> Task :expo-json-utils:compileReleaseShaders NO-SOURCE
> Task :expo-json-utils:generateReleaseAssets UP-TO-DATE
> Task :expo-json-utils:mergeReleaseAssets
> Task :expo-log-box:mergeReleaseShaders
> Task :expo-log-box:compileReleaseShaders NO-SOURCE
> Task :expo-log-box:generateReleaseAssets UP-TO-DATE
> Task :expo-log-box:mergeReleaseAssets
> Task :expo-manifests:mergeReleaseShaders
> Task :expo-manifests:compileReleaseShaders NO-SOURCE
> Task :expo-manifests:generateReleaseAssets UP-TO-DATE
> Task :expo-manifests:mergeReleaseAssets
> Task :expo-modules-core:mergeReleaseShaders
> Task :expo-modules-core:compileReleaseShaders NO-SOURCE
> Task :expo-modules-core:generateReleaseAssets UP-TO-DATE
> Task :expo-modules-core:mergeReleaseAssets
> Task :expo-speech-recognition:mergeReleaseShaders
> Task :expo-speech-recognition:compileReleaseShaders NO-SOURCE
> Task :expo-speech-recognition:generateReleaseAssets UP-TO-DATE
> Task :app:compileReleaseKotlin
> Task :expo-speech-recognition:mergeReleaseAssets
> Task :expo-modules-core:bundleLibRuntimeToJarRelease
> Task :app:compileReleaseJavaWithJavac
> Task :app:dexBuilderRelease
> Task :expo-updates-interface:mergeReleaseShaders
> Task :expo-updates-interface:compileReleaseShaders NO-SOURCE
> Task :expo-updates-interface:generateReleaseAssets UP-TO-DATE
> Task :expo-updates-interface:mergeReleaseAssets
> Task :react-native-async-storage_async-storage:mergeReleaseShaders
> Task :react-native-async-storage_async-storage:compileReleaseShaders NO-SOURCE
> Task :react-native-async-storage_async-storage:generateReleaseAssets UP-TO-DATE
> Task :react-native-async-storage_async-storage:mergeReleaseAssets
> Task :react-native-gesture-handler:mergeReleaseShaders
> Task :react-native-gesture-handler:compileReleaseShaders NO-SOURCE
> Task :react-native-gesture-handler:generateReleaseAssets UP-TO-DATE
> Task :react-native-gesture-handler:mergeReleaseAssets
> Task :react-native-masked-view_masked-view:mergeReleaseShaders
> Task :react-native-masked-view_masked-view:compileReleaseShaders NO-SOURCE
> Task :react-native-masked-view_masked-view:generateReleaseAssets UP-TO-DATE
> Task :react-native-masked-view_masked-view:mergeReleaseAssets
> Task :react-native-reanimated:mergeReleaseShaders
> Task :react-native-reanimated:compileReleaseShaders NO-SOURCE
> Task :react-native-reanimated:generateReleaseAssets UP-TO-DATE
> Task :react-native-reanimated:mergeReleaseAssets
> Task :react-native-safe-area-context:mergeReleaseShaders
> Task :react-native-safe-area-context:compileReleaseShaders NO-SOURCE
> Task :react-native-safe-area-context:generateReleaseAssets UP-TO-DATE
> Task :react-native-safe-area-context:mergeReleaseAssets
> Task :react-native-screens:mergeReleaseShaders
> Task :react-native-screens:compileReleaseShaders NO-SOURCE
> Task :react-native-screens:generateReleaseAssets UP-TO-DATE
> Task :react-native-screens:mergeReleaseAssets
> Task :react-native-worklets:mergeReleaseShaders
> Task :react-native-worklets:compileReleaseShaders NO-SOURCE
> Task :react-native-worklets:generateReleaseAssets UP-TO-DATE
> Task :react-native-worklets:mergeReleaseAssets
> Task :app:mergeReleaseAssets
> Task :app:compressReleaseAssets
> Task :app:extractReleaseVersionControlInfo
> Task :app:extractProguardFiles
> Task :expo:processReleaseJavaRes
> Task :expo:createFullJarRelease
> Task :expo:extractProguardFiles
> Task :expo-constants:processReleaseJavaRes
> Task :expo-constants:createFullJarRelease
> Task :expo-constants:extractProguardFiles
> Task :expo-modules-core:processReleaseJavaRes
> Task :expo-modules-core:createFullJarRelease
> Task :expo-modules-core:extractProguardFiles
> Task :react-native-worklets:processReleaseJavaRes
> Task :react-native-worklets:createFullJarRelease
> Task :react-native-worklets:extractProguardFiles
> Task :app:mergeDexRelease
> Task :react-native-worklets:generateReleaseLintModel
> Task :react-native-worklets:prepareLintJarForPublish UP-TO-DATE
> Task :app:mergeReleaseGlobalSynthetics
> Task :expo-modules-core:generateReleaseLintModel
> Task :expo-modules-core:prepareLintJarForPublish UP-TO-DATE
> Task :expo-constants:generateReleaseLintModel
> Task :expo-constants:prepareLintJarForPublish UP-TO-DATE
> Task :expo-dev-client:processReleaseJavaRes NO-SOURCE
> Task :expo-dev-client:createFullJarRelease
> Task :expo-dev-client:extractProguardFiles
> Task :expo-dev-client:generateReleaseLintModel
> Task :expo-dev-client:prepareLintJarForPublish UP-TO-DATE
> Task :expo-dev-launcher:processReleaseJavaRes
> Task :expo-dev-launcher:createFullJarRelease
> Task :expo-dev-launcher:extractProguardFiles
> Task :app:compileReleaseArtProfile
> Task :expo-dev-launcher:generateReleaseLintModel
> Task :expo-dev-launcher:prepareLintJarForPublish UP-TO-DATE
> Task :expo-dev-menu:processReleaseJavaRes
> Task :expo-dev-menu:createFullJarRelease
> Task :expo-dev-menu:extractProguardFiles
> Task :expo-dev-menu:generateReleaseLintModel
> Task :expo-dev-menu:prepareLintJarForPublish UP-TO-DATE
> Task :expo-dev-menu-interface:processReleaseJavaRes NO-SOURCE
> Task :expo-dev-menu-interface:createFullJarRelease
> Task :expo-dev-menu-interface:extractProguardFiles
> Task :expo-dev-menu-interface:generateReleaseLintModel
> Task :expo-dev-menu-interface:prepareLintJarForPublish UP-TO-DATE
> Task :expo-json-utils:processReleaseJavaRes
> Task :expo-json-utils:createFullJarRelease
> Task :expo-json-utils:extractProguardFiles
> Task :expo-json-utils:generateReleaseLintModel
> Task :expo-json-utils:prepareLintJarForPublish UP-TO-DATE
> Task :expo-log-box:processReleaseJavaRes
> Task :expo-log-box:createFullJarRelease
> Task :expo-log-box:extractProguardFiles
> Task :expo-log-box:generateReleaseLintModel
> Task :expo-log-box:prepareLintJarForPublish UP-TO-DATE
> Task :expo-manifests:processReleaseJavaRes
> Task :expo-manifests:createFullJarRelease
> Task :expo-manifests:extractProguardFiles
> Task :expo-manifests:generateReleaseLintModel
> Task :expo-manifests:prepareLintJarForPublish UP-TO-DATE
> Task :expo-speech-recognition:processReleaseJavaRes
> Task :expo-speech-recognition:createFullJarRelease
> Task :expo-speech-recognition:extractProguardFiles
> Task :expo-speech-recognition:generateReleaseLintModel
> Task :expo-speech-recognition:prepareLintJarForPublish UP-TO-DATE
> Task :expo-updates-interface:processReleaseJavaRes
> Task :expo-updates-interface:createFullJarRelease
> Task :expo-updates-interface:extractProguardFiles
> Task :expo-updates-interface:generateReleaseLintModel
> Task :expo-updates-interface:prepareLintJarForPublish UP-TO-DATE
> Task :expo:generateReleaseLintModel
> Task :expo:prepareLintJarForPublish UP-TO-DATE
> Task :react-native-async-storage_async-storage:processReleaseJavaRes NO-SOURCE
> Task :react-native-async-storage_async-storage:createFullJarRelease
> Task :react-native-async-storage_async-storage:extractProguardFiles
> Task :react-native-async-storage_async-storage:generateReleaseLintModel
> Task :react-native-async-storage_async-storage:prepareLintJarForPublish UP-TO-DATE
> Task :react-native-gesture-handler:processReleaseJavaRes
> Task :react-native-gesture-handler:createFullJarRelease
> Task :react-native-gesture-handler:extractProguardFiles
> Task :react-native-reanimated:processReleaseJavaRes
> Task :react-native-reanimated:createFullJarRelease
> Task :react-native-reanimated:extractProguardFiles
> Task :react-native-reanimated:generateReleaseLintModel
> Task :react-native-reanimated:prepareLintJarForPublish UP-TO-DATE
> Task :react-native-gesture-handler:generateReleaseLintModel
> Task :react-native-gesture-handler:prepareLintJarForPublish UP-TO-DATE
> Task :react-native-masked-view_masked-view:processReleaseJavaRes NO-SOURCE
> Task :react-native-masked-view_masked-view:createFullJarRelease
> Task :react-native-masked-view_masked-view:extractProguardFiles
> Task :react-native-masked-view_masked-view:generateReleaseLintModel
> Task :react-native-masked-view_masked-view:prepareLintJarForPublish UP-TO-DATE
> Task :react-native-safe-area-context:processReleaseJavaRes
> Task :react-native-safe-area-context:createFullJarRelease
> Task :react-native-safe-area-context:extractProguardFiles
> Task :react-native-safe-area-context:generateReleaseLintModel
> Task :react-native-safe-area-context:prepareLintJarForPublish UP-TO-DATE
> Task :react-native-screens:processReleaseJavaRes
> Task :react-native-screens:createFullJarRelease
> Task :react-native-screens:extractProguardFiles
> Task :react-native-screens:generateReleaseLintModel
> Task :react-native-screens:prepareLintJarForPublish UP-TO-DATE
> Task :app:generateReleaseLintVitalReportModel
> Task :react-native-gesture-handler:extractDeepLinksForAarRelease
> Task :react-native-gesture-handler:extractReleaseAnnotations
> Task :react-native-gesture-handler:mergeReleaseGeneratedProguardFiles
> Task :react-native-gesture-handler:mergeReleaseConsumerProguardFiles
> Task :react-native-reanimated:extractDeepLinksForAarRelease
> Task :react-native-reanimated:extractReleaseAnnotations
> Task :react-native-reanimated:mergeReleaseGeneratedProguardFiles
> Task :react-native-gesture-handler:mergeReleaseJavaResource
> Task :react-native-reanimated:mergeReleaseConsumerProguardFiles
> Task :react-native-gesture-handler:stripReleaseDebugSymbols
> Task :react-native-gesture-handler:syncReleaseLibJars
> Task :react-native-safe-area-context:stripReleaseDebugSymbols NO-SOURCE
> Task :react-native-safe-area-context:copyReleaseJniLibsProjectAndLocalJars
> Task :react-native-safe-area-context:extractDeepLinksForAarRelease
> Task :react-native-reanimated:mergeReleaseJavaResource
> Task :react-native-gesture-handler:copyReleaseJniLibsProjectAndLocalJars
> Task :react-native-safe-area-context:extractReleaseAnnotations
> Task :react-native-reanimated:stripReleaseDebugSymbols
> Task :react-native-gesture-handler:bundleReleaseLocalLintAar
> Task :react-native-reanimated:copyReleaseJniLibsProjectAndLocalJars
> Task :react-native-reanimated:syncReleaseLibJars
> Task :react-native-reanimated:bundleReleaseLocalLintAar
> Task :react-native-safe-area-context:mergeReleaseGeneratedProguardFiles
> Task :react-native-safe-area-context:mergeReleaseConsumerProguardFiles
> Task :react-native-screens:extractDeepLinksForAarRelease
> Task :react-native-safe-area-context:mergeReleaseJavaResource
> Task :react-native-screens:extractReleaseAnnotations
> Task :react-native-safe-area-context:syncReleaseLibJars
> Task :react-native-safe-area-context:bundleReleaseLocalLintAar
> Task :react-native-screens:mergeReleaseGeneratedProguardFiles
> Task :react-native-screens:mergeReleaseConsumerProguardFiles
> Task :expo:stripReleaseDebugSymbols NO-SOURCE
> Task :expo:extractDeepLinksForAarRelease
> Task :expo:copyReleaseJniLibsProjectAndLocalJars
> Task :react-native-screens:mergeReleaseJavaResource
> Task :expo:extractReleaseAnnotations
> Task :react-native-screens:stripReleaseDebugSymbols
> Task :react-native-screens:syncReleaseLibJars
> Task :expo:mergeReleaseGeneratedProguardFiles
> Task :expo:mergeReleaseConsumerProguardFiles
> Task :react-native-screens:copyReleaseJniLibsProjectAndLocalJars
> Task :expo:mergeReleaseJavaResource
> Task :react-native-screens:bundleReleaseLocalLintAar
> Task :expo:syncReleaseLibJars
> Task :expo:bundleReleaseLocalLintAar
> Task :expo-modules-core:extractDeepLinksForAarRelease
> Task :expo-modules-core:extractReleaseAnnotations
> Task :expo-modules-core:mergeReleaseGeneratedProguardFiles
> Task :expo-modules-core:mergeReleaseConsumerProguardFiles
> Task :expo-modules-core:mergeReleaseJavaResource
> Task :expo-modules-core:stripReleaseDebugSymbols
> Task :expo-modules-core:syncReleaseLibJars
> Task :react-native-worklets:extractDeepLinksForAarRelease
> Task :react-native-worklets:extractReleaseAnnotations
> Task :expo-modules-core:copyReleaseJniLibsProjectAndLocalJars
> Task :react-native-worklets:mergeReleaseGeneratedProguardFiles
> Task :expo-modules-core:bundleReleaseLocalLintAar
> Task :react-native-worklets:mergeReleaseConsumerProguardFiles
> Task :react-native-worklets:mergeReleaseJavaResource
> Task :react-native-worklets:syncReleaseLibJars
> Task :react-native-async-storage_async-storage:stripReleaseDebugSymbols NO-SOURCE
> Task :react-native-async-storage_async-storage:copyReleaseJniLibsProjectAndLocalJars
> Task :react-native-async-storage_async-storage:extractDeepLinksForAarRelease
> Task :react-native-async-storage_async-storage:extractReleaseAnnotations
> Task :react-native-worklets:stripReleaseDebugSymbols
> Task :react-native-async-storage_async-storage:mergeReleaseGeneratedProguardFiles
> Task :react-native-worklets:copyReleaseJniLibsProjectAndLocalJars
> Task :react-native-worklets:bundleReleaseLocalLintAar
> Task :react-native-async-storage_async-storage:mergeReleaseConsumerProguardFiles
> Task :react-native-async-storage_async-storage:mergeReleaseJavaResource
> Task :react-native-async-storage_async-storage:syncReleaseLibJars
> Task :react-native-async-storage_async-storage:bundleReleaseLocalLintAar
> Task :react-native-masked-view_masked-view:stripReleaseDebugSymbols NO-SOURCE
> Task :react-native-masked-view_masked-view:copyReleaseJniLibsProjectAndLocalJars
> Task :react-native-masked-view_masked-view:extractDeepLinksForAarRelease
> Task :react-native-masked-view_masked-view:extractReleaseAnnotations
> Task :react-native-masked-view_masked-view:mergeReleaseGeneratedProguardFiles
> Task :react-native-masked-view_masked-view:mergeReleaseConsumerProguardFiles
> Task :react-native-masked-view_masked-view:mergeReleaseJavaResource
> Task :react-native-masked-view_masked-view:syncReleaseLibJars
> Task :react-native-masked-view_masked-view:bundleReleaseLocalLintAar
> Task :expo-log-box:stripReleaseDebugSymbols NO-SOURCE
> Task :expo-log-box:copyReleaseJniLibsProjectAndLocalJars
> Task :expo-log-box:extractDeepLinksForAarRelease
> Task :expo-log-box:extractReleaseAnnotations
> Task :expo-log-box:mergeReleaseGeneratedProguardFiles
> Task :expo-log-box:mergeReleaseConsumerProguardFiles
> Task :expo-log-box:mergeReleaseJavaResource
> Task :expo-log-box:syncReleaseLibJars
> Task :expo-log-box:bundleReleaseLocalLintAar
> Task :expo-dev-launcher:stripReleaseDebugSymbols NO-SOURCE
> Task :expo-dev-launcher:copyReleaseJniLibsProjectAndLocalJars
> Task :expo-dev-launcher:extractDeepLinksForAarRelease
> Task :expo-dev-launcher:extractReleaseAnnotations
> Task :expo-dev-launcher:mergeReleaseGeneratedProguardFiles
> Task :expo-dev-launcher:mergeReleaseConsumerProguardFiles
> Task :expo-dev-launcher:mergeReleaseJavaResource
> Task :expo-dev-launcher:syncReleaseLibJars
> Task :expo-dev-launcher:bundleReleaseLocalLintAar
> Task :expo-dev-menu-interface:stripReleaseDebugSymbols NO-SOURCE
> Task :expo-dev-menu-interface:copyReleaseJniLibsProjectAndLocalJars
> Task :expo-dev-menu-interface:extractDeepLinksForAarRelease
> Task :expo-dev-menu-interface:extractReleaseAnnotations
> Task :expo-dev-menu-interface:mergeReleaseGeneratedProguardFiles
> Task :expo-dev-menu-interface:mergeReleaseConsumerProguardFiles
> Task :expo-dev-menu-interface:mergeReleaseJavaResource
> Task :expo-dev-menu-interface:syncReleaseLibJars
> Task :expo-dev-menu-interface:bundleReleaseLocalLintAar
> Task :expo-constants:stripReleaseDebugSymbols NO-SOURCE
> Task :expo-constants:copyReleaseJniLibsProjectAndLocalJars
> Task :expo-constants:extractDeepLinksForAarRelease
> Task :expo-constants:extractReleaseAnnotations
> Task :expo-constants:mergeReleaseGeneratedProguardFiles
> Task :expo-constants:mergeReleaseConsumerProguardFiles
> Task :expo-constants:mergeReleaseJavaResource
> Task :expo-constants:syncReleaseLibJars
> Task :expo-constants:bundleReleaseLocalLintAar
> Task :expo-dev-client:stripReleaseDebugSymbols NO-SOURCE
> Task :expo-dev-client:copyReleaseJniLibsProjectAndLocalJars
> Task :expo-dev-client:extractDeepLinksForAarRelease
> Task :expo-dev-client:extractReleaseAnnotations
> Task :expo-dev-client:mergeReleaseGeneratedProguardFiles
> Task :expo-dev-client:mergeReleaseConsumerProguardFiles
> Task :expo-dev-menu:stripReleaseDebugSymbols NO-SOURCE
> Task :expo-dev-client:mergeReleaseJavaResource
> Task :expo-dev-menu:copyReleaseJniLibsProjectAndLocalJars
> Task :expo-dev-client:syncReleaseLibJars
> Task :expo-dev-client:bundleReleaseLocalLintAar
> Task :expo-dev-menu:extractDeepLinksForAarRelease
> Task :expo-dev-menu:extractReleaseAnnotations
> Task :expo-dev-menu:mergeReleaseGeneratedProguardFiles
> Task :expo-dev-menu:mergeReleaseConsumerProguardFiles
> Task :expo-manifests:stripReleaseDebugSymbols NO-SOURCE
> Task :expo-manifests:copyReleaseJniLibsProjectAndLocalJars
> Task :expo-manifests:extractDeepLinksForAarRelease
> Task :expo-dev-menu:mergeReleaseJavaResource
> Task :expo-manifests:extractReleaseAnnotations
> Task :expo-dev-menu:syncReleaseLibJars
> Task :expo-dev-menu:bundleReleaseLocalLintAar
> Task :expo-manifests:mergeReleaseGeneratedProguardFiles
> Task :expo-manifests:mergeReleaseConsumerProguardFiles
> Task :expo-json-utils:stripReleaseDebugSymbols NO-SOURCE
> Task :expo-json-utils:copyReleaseJniLibsProjectAndLocalJars
> Task :expo-json-utils:extractDeepLinksForAarRelease
> Task :expo-manifests:mergeReleaseJavaResource
> Task :expo-json-utils:extractReleaseAnnotations
> Task :expo-manifests:syncReleaseLibJars
> Task :expo-manifests:bundleReleaseLocalLintAar
> Task :expo-json-utils:mergeReleaseGeneratedProguardFiles
> Task :expo-json-utils:mergeReleaseConsumerProguardFiles
> Task :expo-speech-recognition:stripReleaseDebugSymbols NO-SOURCE
> Task :expo-speech-recognition:copyReleaseJniLibsProjectAndLocalJars
> Task :expo-speech-recognition:extractDeepLinksForAarRelease
> Task :expo-json-utils:mergeReleaseJavaResource
> Task :expo-speech-recognition:extractReleaseAnnotations
> Task :expo-json-utils:syncReleaseLibJars
> Task :expo-json-utils:bundleReleaseLocalLintAar
> Task :expo-speech-recognition:mergeReleaseGeneratedProguardFiles
> Task :expo-speech-recognition:mergeReleaseConsumerProguardFiles
> Task :expo-updates-interface:stripReleaseDebugSymbols NO-SOURCE
> Task :expo-updates-interface:copyReleaseJniLibsProjectAndLocalJars
> Task :expo-speech-recognition:mergeReleaseJavaResource
> Task :expo-updates-interface:extractDeepLinksForAarRelease
> Task :expo-speech-recognition:syncReleaseLibJars
> Task :expo-speech-recognition:bundleReleaseLocalLintAar
> Task :expo-updates-interface:extractReleaseAnnotations
> Task :expo-updates-interface:mergeReleaseGeneratedProguardFiles
> Task :expo-updates-interface:mergeReleaseConsumerProguardFiles
> Task :expo-updates-interface:mergeReleaseJavaResource
> Task :expo-constants:writeReleaseLintModelMetadata
> Task :expo-updates-interface:syncReleaseLibJars
> Task :expo-updates-interface:bundleReleaseLocalLintAar
> Task :expo-dev-client:writeReleaseLintModelMetadata
> Task :expo-dev-launcher:writeReleaseLintModelMetadata
> Task :expo-dev-menu:writeReleaseLintModelMetadata
> Task :expo-dev-menu-interface:writeReleaseLintModelMetadata
> Task :expo-json-utils:writeReleaseLintModelMetadata
> Task :expo-log-box:writeReleaseLintModelMetadata
> Task :expo-manifests:writeReleaseLintModelMetadata
> Task :expo-modules-core:writeReleaseLintModelMetadata
> Task :expo-speech-recognition:writeReleaseLintModelMetadata
> Task :expo-updates-interface:writeReleaseLintModelMetadata
> Task :react-native-worklets:writeReleaseLintModelMetadata
> Task :expo:writeReleaseLintModelMetadata
> Task :react-native-async-storage_async-storage:writeReleaseLintModelMetadata
> Task :react-native-reanimated:writeReleaseLintModelMetadata
> Task :react-native-gesture-handler:writeReleaseLintModelMetadata
> Task :react-native-masked-view_masked-view:writeReleaseLintModelMetadata
> Task :react-native-safe-area-context:writeReleaseLintModelMetadata
> Task :react-native-screens:writeReleaseLintModelMetadata
> Task :expo:generateReleaseLintVitalModel
> Task :expo-constants:generateReleaseLintVitalModel
> Task :expo-dev-client:generateReleaseLintVitalModel
> Task :expo-dev-launcher:generateReleaseLintVitalModel
> Task :expo-dev-menu:generateReleaseLintVitalModel
> Task :expo-dev-menu-interface:generateReleaseLintVitalModel
> Task :expo-json-utils:generateReleaseLintVitalModel
> Task :expo-log-box:generateReleaseLintVitalModel
> Task :expo-manifests:generateReleaseLintVitalModel
> Task :expo-modules-core:generateReleaseLintVitalModel
> Task :expo-speech-recognition:generateReleaseLintVitalModel
> Task :expo-updates-interface:generateReleaseLintVitalModel
> Task :react-native-async-storage_async-storage:generateReleaseLintVitalModel
> Task :react-native-gesture-handler:generateReleaseLintVitalModel
> Task :react-native-masked-view_masked-view:generateReleaseLintVitalModel
> Task :react-native-reanimated:generateReleaseLintVitalModel
> Task :react-native-safe-area-context:generateReleaseLintVitalModel
> Task :react-native-screens:generateReleaseLintVitalModel
> Task :react-native-worklets:generateReleaseLintVitalModel
> Task :app:processReleaseJavaRes
> Task :app:collectReleaseDependencies
> Task :app:sdkReleaseDependencyData
> Task :app:validateSigningRelease
> Task :app:writeReleaseAppMetadata
> Task :app:writeReleaseSigningConfigVersions
> Task :expo:bundleReleaseAar
> Task :expo:mapReleaseSourceSetPaths
> Task :app:mergeReleaseJavaResource
> Task :expo:lintVitalAnalyzeRelease
> Task :expo-constants:lintVitalAnalyzeRelease
> Task :expo-dev-client:lintVitalAnalyzeRelease
> Task :app:optimizeReleaseResources
> Task :expo:mergeReleaseResources
> Task :expo-constants:bundleReleaseAar
> Task :expo-constants:mapReleaseSourceSetPaths
> Task :expo-constants:mergeReleaseResources
> Task :expo-dev-client:bundleReleaseAar
> Task :expo-dev-client:mapReleaseSourceSetPaths
> Task :expo-dev-client:mergeReleaseResources
> Task :expo-dev-launcher:bundleReleaseAar
> Task :expo-dev-launcher:mapReleaseSourceSetPaths
> Task :expo-constants:verifyReleaseResources
> Task :expo-dev-client:verifyReleaseResources
> Task :expo-dev-launcher:mergeReleaseResources
> Task :expo-constants:assembleRelease
> Task :expo-dev-client:assembleRelease
> Task :expo-dev-menu:bundleReleaseAar
> Task :expo-dev-menu:mapReleaseSourceSetPaths
> Task :expo-dev-menu:mergeReleaseResources
> Task :expo-dev-menu-interface:bundleReleaseAar
> Task :expo-dev-menu-interface:mapReleaseSourceSetPaths
> Task :expo:verifyReleaseResources
> Task :expo-dev-menu:verifyReleaseResources
> Task :expo-dev-menu:lintVitalAnalyzeRelease
> Task :expo-dev-launcher:lintVitalAnalyzeRelease
> Task :expo-dev-menu-interface:mergeReleaseResources
> Task :expo-dev-menu:assembleRelease
> Task :expo-json-utils:bundleReleaseAar
> Task :expo-json-utils:mapReleaseSourceSetPaths
> Task :expo-json-utils:mergeReleaseResources
> Task :expo-log-box:bundleReleaseAar
> Task :expo-json-utils:verifyReleaseResources
> Task :expo-log-box:mapReleaseSourceSetPaths
> Task :expo-json-utils:assembleRelease
> Task :expo-dev-menu-interface:lintVitalAnalyzeRelease
> Task :expo-json-utils:lintVitalAnalyzeRelease
> Task :expo-dev-launcher:verifyReleaseResources
> Task :expo-dev-menu-interface:verifyReleaseResources
> Task :expo-log-box:mergeReleaseResources
> Task :expo:assembleRelease
> Task :expo-dev-launcher:assembleRelease
> Task :expo-dev-menu-interface:assembleRelease
> Task :expo-manifests:bundleReleaseAar
> Task :expo-manifests:mapReleaseSourceSetPaths
> Task :expo-manifests:mergeReleaseResources
> Task :expo-modules-core:bundleReleaseAar
> Task :expo-manifests:verifyReleaseResources
> Task :expo-modules-core:mapReleaseSourceSetPaths
> Task :expo-manifests:assembleRelease
> Task :expo-manifests:lintVitalAnalyzeRelease
> Task :expo-modules-core:mergeReleaseResources
> Task :expo-speech-recognition:bundleReleaseAar
> Task :expo-speech-recognition:mapReleaseSourceSetPaths
> Task :expo-speech-recognition:mergeReleaseResources
> Task :expo-updates-interface:bundleReleaseAar
> Task :expo-updates-interface:mapReleaseSourceSetPaths
> Task :expo-updates-interface:mergeReleaseResources
> Task :react-native-async-storage_async-storage:bundleReleaseAar
> Task :react-native-async-storage_async-storage:mapReleaseSourceSetPaths
> Task :expo-speech-recognition:verifyReleaseResources
> Task :expo-updates-interface:verifyReleaseResources
> Task :expo-log-box:lintVitalAnalyzeRelease
> Task :react-native-async-storage_async-storage:mergeReleaseResources
> Task :expo-speech-recognition:assembleRelease
> Task :expo-updates-interface:assembleRelease
> Task :react-native-gesture-handler:bundleReleaseAar
> Task :react-native-gesture-handler:mapReleaseSourceSetPaths
> Task :expo-log-box:verifyReleaseResources
> Task :expo-updates-interface:lintVitalAnalyzeRelease
> Task :expo-speech-recognition:lintVitalAnalyzeRelease
> Task :react-native-gesture-handler:mergeReleaseResources
> Task :react-native-masked-view_masked-view:bundleReleaseAar
> Task :react-native-masked-view_masked-view:mapReleaseSourceSetPaths
> Task :expo-modules-core:lintVitalAnalyzeRelease
> Task :expo-modules-core:verifyReleaseResources
> Task :react-native-async-storage_async-storage:verifyReleaseResources
> Task :react-native-async-storage_async-storage:lintVitalAnalyzeRelease
> Task :react-native-gesture-handler:lintVitalAnalyzeRelease
> Task :react-native-gesture-handler:verifyReleaseResources
> Task :react-native-masked-view_masked-view:mergeReleaseResources
> Task :expo-log-box:assembleRelease
> Task :expo-modules-core:assembleRelease
> Task :react-native-async-storage_async-storage:assembleRelease
The Daemon will expire after the build after running out of JVM Metaspace.
The project memory settings are likely not configured or are configured to an insufficient value.
The daemon will restart for the next build, which may increase subsequent build times.
These settings can be adjusted by setting 'org.gradle.jvmargs' in 'gradle.properties'.
The currently configured max heap space is '2 GiB' and the configured max metaspace is '512 MiB'.
For more information on how to set these values, please refer to https://docs.gradle.org/9.3.1/userguide/build_environment.html#sec:configuring_jvm_memory in the Gradle documentation.
To disable this warning, set 'org.gradle.daemon.performance.disable-logging=true'.
Daemon will be stopped at the end of the build after running out of JVM Metaspace
> Task :react-native-masked-view_masked-view:verifyReleaseResources
> Task :react-native-reanimated:bundleReleaseAar
> Task :react-native-reanimated:lintVitalAnalyzeRelease SKIPPED
> Task :react-native-gesture-handler:assembleRelease
> Task :react-native-masked-view_masked-view:assembleRelease
> Task :react-native-reanimated:mapReleaseSourceSetPaths
> Task :react-native-masked-view_masked-view:lintVitalAnalyzeRelease
> Task :react-native-reanimated:mergeReleaseResources
> Task :react-native-safe-area-context:bundleReleaseAar
> Task :react-native-safe-area-context:mapReleaseSourceSetPaths
> Task :react-native-safe-area-context:lintVitalAnalyzeRelease
> Task :react-native-safe-area-context:mergeReleaseResources
> Task :react-native-worklets:lintVitalAnalyzeRelease SKIPPED
> Task :react-native-screens:bundleReleaseAar
> Task :react-native-screens:mapReleaseSourceSetPaths
> Task :react-native-reanimated:verifyReleaseResources
> Task :react-native-safe-area-context:verifyReleaseResources
> Task :react-native-screens:mergeReleaseResources
> Task :react-native-reanimated:assembleRelease
> Task :react-native-safe-area-context:assembleRelease
> Task :react-native-screens:lintVitalAnalyzeRelease
> Task :react-native-worklets:bundleReleaseAar
> Task :react-native-worklets:mapReleaseSourceSetPaths
> Task :react-native-worklets:mergeReleaseResources
> Task :react-native-screens:verifyReleaseResources
> Task :react-native-screens:assembleRelease
> Task :react-native-worklets:verifyReleaseResources
> Task :react-native-worklets:assembleRelease
> Task :app:lintVitalAnalyzeRelease
> Task :app:lintVitalReportRelease
> Task :app:lintVitalRelease
> Task :app:packageRelease
> Task :app:createReleaseApkListingFileRedirect
> Task :app:assembleRelease

[Incubating] Problems report is available at: file:///C:/Users/DONEX/kandoo/android/build/reports/problems/problems-report.html

Deprecated Gradle features were used in this build, making it incompatible with Gradle 10.

You can use '--warning-mode all' to show the individual deprecation warnings and determine if they come from your own scripts or plugins.

For more on this, please refer to https://docs.gradle.org/9.3.1/userguide/command_line_interface.html#sec:command_line_warnings in the Gradle documentation.

BUILD SUCCESSFUL in 1h 17m 14s
945 actionable tasks: 876 executed, 69 up-to-date
EXIT_CODE=0
WALL_SECONDS=4636
FOURABI_DONE_OK
